<widget xmlns="http://openajax.org/metadata" spec="1.0" id="http://microsoft.com/appmagic/attachments" name="attachments" jsClass="AppMagic.Controls.Attachments.AttachmentsControl" version="2.3.0" styleable="true" runtimeCost="1" xmlns:appMagic="http://schemas.microsoft.com/appMagic">
  <author name="Microsoft AppMagic" />
  <license type="text/html"><![CDATA[<p>TODO:  Need license text here.</p>]]></license>
  <description><![CDATA[ATTACHMENTS
      File attachments control.]]></description>
  <requires>
    <require type="javascript" src="/ctrllib/attachments/js/attachmentsReact.js" />
  </requires>
  <appMagic:capabilities contextualViewsEnabled="true" autoBorders="true" autoFocusedBorders="true" screenActiveAware="true" autoDisabledViewState="true" autoPointerViewState="true" isVersionFlexible="true" />
  <appMagic:accessibilityChecks controlIsInteractive="true" />
  <content><![CDATA[
    <div class="appmagic-attachments">
    </div>
    ]]></content>
  <properties>
    <property name="Items" localizedName="##attachments_Items##" datatype="Array" direction="in" isPrimaryInputProperty="true" defaultValue="[]" hasEditableNameMap="true">
      <title>Attachments, as AppMagic.Data.IAttachmentDataTable</title>
      <properties>
        <property name="Name" localizedName="##attachments_Name##" datatype="String"></property>
        <property name="Value" localizedName="##attachments_Value##" datatype="String"></property>
      </properties>
      <appMagic:category>data</appMagic:category>
      <appMagic:displayName>##attachments_Items_DisplayName##</appMagic:displayName>
      <appMagic:tooltip>##attachments_Items_Tooltip##</appMagic:tooltip>
    </property>
    <property name="Attachments" localizedName="##attachments_Attachments##" datatype="Array" direction="out" isPrimaryOutputProperty="true">
      <title>Attachments, as array of AppMagic.Controls.Attachments.AttachmentsItem</title>
      <properties>
        <property name="Name" localizedName="##attachments_Name##" datatype="String"></property>
        <property name="Value" localizedName="##attachments_Value##" datatype="String"></property>
      </properties>
      <appMagic:category>data</appMagic:category>
    </property>
    <property name="IsInDataCard" localizedName="IsInDataCard" datatype="Boolean" defaultValue="false" hidden="true">
      <appMagic:category>data</appMagic:category>
    </property>
    <property name="MaxAttachments" localizedName="##attachments_MaxAttachments##" datatype="number" defaultValue="6">
      <title>Maximum attachments</title>
      <appMagic:category>data</appMagic:category>
      <appMagic:displayName>##attachments_MaxAttachments_DisplayName##</appMagic:displayName>
      <appMagic:tooltip>##attachments_MaxAttachments_Tooltip##</appMagic:tooltip>
    </property>
    <property name="MaxAttachmentSize" localizedName="##attachments_MaxAttachmentSize##" datatype="number" defaultValue="10" minimum="0">
      <!-- in MB -->
      <title>Maximum attachment size</title>
      <appMagic:category>data</appMagic:category>
      <appMagic:displayName>##attachments_MaxAttachmentSize_DisplayName##</appMagic:displayName>
      <appMagic:tooltip>##attachments_MaxAttachmentSize_Tooltip##</appMagic:tooltip>
    </property>
    <property name="Default" localizedName="##attachments_Default##" datatype="object" defaultValue="" direction="in">
      <title>Default selected item</title>
      <appMagic:category>data</appMagic:category>
      <appMagic:displayName>##attachments_Default_DisplayName##</appMagic:displayName>
      <appMagic:tooltip>##attachments_Default_Tooltip##</appMagic:tooltip>
    </property>
    <property name="Reset" localizedName="##commonProperties_Reset##" datatype="Boolean" defaultValue="false" direction="in">
      <title>Reset</title>
      <appMagic:category>data</appMagic:category>
      <appMagic:displayName>##commonProperties_Reset_DisplayName##</appMagic:displayName>
      <appMagic:tooltip>##commonProperties_Reset_Tooltip##</appMagic:tooltip>
    </property>
    <property name="ItemFill" localizedName="##attachments_ItemFill##" datatype="Color" defaultValue="RGBA(234, 234, 234, 1)" isExpr="true" converter="argbConverter">
      <title>Item background color</title>
      <appMagic:category>design</appMagic:category>
      <appMagic:helperUI>color</appMagic:helperUI>
      <appMagic:displayName>##attachments_ItemFill_DisplayName##</appMagic:displayName>
      <appMagic:tooltip>##attachments_ItemFill_Tooltip##</appMagic:tooltip>
    </property>
    <property name="ItemColor" localizedName="##attachments_ItemColor##" datatype="Color" defaultValue="Self.Color" isExpr="true" converter="argbConverter">
      <title>Item foreground color</title>
      <appMagic:category>design</appMagic:category>
      <appMagic:helperUI>color</appMagic:helperUI>
      <appMagic:displayName>##attachments_ItemColor_DisplayName##</appMagic:displayName>
      <appMagic:tooltip>##attachments_ItemColor_Tooltip##</appMagic:tooltip>
    </property>
    <property name="ItemHoverFill" localizedName="##attachments_ItemHoverFill##" datatype="Color" defaultValue="Self.HoverFill" isExpr="true" converter="argbConverter">
      <title>Item hover background color</title>
      <appMagic:category>design</appMagic:category>
      <appMagic:helperUI>color</appMagic:helperUI>
      <appMagic:displayName>##attachments_ItemHoverFill_DisplayName##</appMagic:displayName>
      <appMagic:tooltip>##attachments_ItemHoverFill_Tooltip##</appMagic:tooltip>
    </property>
    <property name="ItemHoverColor" localizedName="##attachments_ItemHoverColor##" datatype="Color" defaultValue="Self.HoverColor" isExpr="true" converter="argbConverter">
      <title>Item hover foreground color</title>
      <appMagic:category>design</appMagic:category>
      <appMagic:helperUI>color</appMagic:helperUI>
      <appMagic:displayName>##attachments_ItemHoverColor_DisplayName##</appMagic:displayName>
      <appMagic:tooltip>##attachments_ItemHoverColor_Tooltip##</appMagic:tooltip>
    </property>
    <property name="ItemPressedFill" localizedName="##attachments_ItemPressedFill##" datatype="Color" defaultValue="Self.PressedFill" isExpr="true" converter="argbConverter">
      <title>Item pressed background color</title>
      <appMagic:category>design</appMagic:category>
      <appMagic:helperUI>color</appMagic:helperUI>
      <appMagic:displayName>##attachments_ItemPressedFill_DisplayName##</appMagic:displayName>
      <appMagic:tooltip>##attachments_ItemPressedFill_Tooltip##</appMagic:tooltip>
    </property>
    <property name="ItemPressedColor" localizedName="##attachments_ItemPressedColor##" datatype="Color" defaultValue="Self.PressedColor" isExpr="true" converter="argbConverter">
      <title>Item pressed foreground color</title>
      <appMagic:category>design</appMagic:category>
      <appMagic:helperUI>color</appMagic:helperUI>
      <appMagic:displayName>##attachments_ItemPressedColor_DisplayName##</appMagic:displayName>
      <appMagic:tooltip>##attachments_ItemPressedColor_Tooltip##</appMagic:tooltip>
    </property>
    <property name="ItemDisabledFill" localizedName="##attachments_ItemDisabledFill##" datatype="Color" defaultValue="Self.DisabledFill" isExpr="true" converter="argbConverter">
      <title>Item disabled background color</title>
      <appMagic:category>design</appMagic:category>
      <appMagic:helperUI>color</appMagic:helperUI>
      <appMagic:displayName>##attachments_ItemDisabledFill_DisplayName##</appMagic:displayName>
      <appMagic:tooltip>##attachments_ItemDisabledFill_Tooltip##</appMagic:tooltip>
    </property>
    <property name="ItemDisabledColor" localizedName="##attachments_ItemDisabledColor##" datatype="Color" defaultValue="Self.DisabledColor" isExpr="true" converter="argbConverter">
      <title>Item disabled foreground color</title>
      <appMagic:category>design</appMagic:category>
      <appMagic:helperUI>color</appMagic:helperUI>
      <appMagic:displayName>##attachments_ItemDisabledColor_DisplayName##</appMagic:displayName>
      <appMagic:tooltip>##attachments_ItemDisabledColor_Tooltip##</appMagic:tooltip>
    </property>
    <property name="AddedItemFill" localizedName="##attachments_AddedItemFill##" datatype="Color" defaultValue="RGBA(234, 234, 234, 1)" isExpr="true" converter="argbConverter">
      <title>Added item background color</title>
      <appMagic:category>design</appMagic:category>
      <appMagic:helperUI>color</appMagic:helperUI>
      <appMagic:displayName>##attachments_AddedItemFill_DisplayName##</appMagic:displayName>
      <appMagic:tooltip>##attachments_AddedItemFill_Tooltip##</appMagic:tooltip>
    </property>
    <property name="AddedItemColor" localizedName="##attachments_AddedItemColor##" datatype="Color" defaultValue="Self.Color" isExpr="true" converter="argbConverter">
      <title>Added item foreground color</title>
      <appMagic:category>design</appMagic:category>
      <appMagic:helperUI>color</appMagic:helperUI>
      <appMagic:displayName>##attachments_AddedItemColor_DisplayName##</appMagic:displayName>
      <appMagic:tooltip>##attachments_AddedItemColor_Tooltip##</appMagic:tooltip>
    </property>
    <property name="RemovedItemFill" localizedName="##attachments_RemovedItemFill##" datatype="Color" defaultValue="RGBA(234, 234, 234, 1)" isExpr="true" converter="argbConverter">
      <title>Removed item background color</title>
      <appMagic:category>design</appMagic:category>
      <appMagic:helperUI>color</appMagic:helperUI>
      <appMagic:displayName>##attachments_RemovedItemFill_DisplayName##</appMagic:displayName>
      <appMagic:tooltip>##attachments_RemovedItemFill_Tooltip##</appMagic:tooltip>
    </property>
    <property name="RemovedItemColor" localizedName="##attachments_RemovedItemColor##" datatype="Color" defaultValue="Self.Color" isExpr="true" converter="argbConverter">
      <title>Removed item foreground color</title>
      <appMagic:category>design</appMagic:category>
      <appMagic:helperUI>color</appMagic:helperUI>
      <appMagic:displayName>##attachments_RemovedItemColor_DisplayName##</appMagic:displayName>
      <appMagic:tooltip>##attachments_RemovedItemColor_Tooltip##</appMagic:tooltip>
    </property>
    <property name="ItemSpacing" localizedName="##attachments_ItemSpacing##" datatype="number" defaultValue="0" direction="in">
      <title>Item spacing</title>
      <appMagic:category>design</appMagic:category>
      <appMagic:displayName>##attachments_ItemSpacing_DisplayName##</appMagic:displayName>
      <appMagic:tooltip>##attachments_ItemSpacing_Tooltip##</appMagic:tooltip>
    </property>
    <property name="RemoveAttachmentTooltip" localizedName="##attachments_RemoveAttachmentTooltip_PropertyName##" datatype="String" defaultValue="##attachments_RemoveAttachmentTooltip##" hidden="true">
      <appMagic:displayName>##attachments_RemoveAttachmentTooltip_DisplayName##</appMagic:displayName>
      <appMagic:tooltip>##attachments_RemoveAttachmentTooltip_Tooltip##</appMagic:tooltip>
      <appMagic:category>data</appMagic:category>
    </property>
    <property name="UndoRemoveAttachmentTooltip" localizedName="##attachments_UndoRemoveAttachmentTooltip_PropertyName##" datatype="String" defaultValue="##attachments_UndoRemoveAttachmentTooltip##" hidden="true">
      <appMagic:displayName>##attachments_UndoRemoveAttachmentTooltip_DisplayName##</appMagic:displayName>
      <appMagic:tooltip>##attachments_UndoRemoveAttachmentTooltip_Tooltip##</appMagic:tooltip>
      <appMagic:category>data</appMagic:category>
    </property>
    <property name="ItemErrorFill" localizedName="##attachments_ItemErrorFill##" datatype="Color" defaultValue="RGBA(208, 46, 0, 1)" isExpr="true" converter="argbConverter">
      <title>Item error background color</title>
      <appMagic:category>design</appMagic:category>
      <appMagic:helperUI>color</appMagic:helperUI>
      <appMagic:displayName>##attachments_ItemErrorFill_DisplayName##</appMagic:displayName>
      <appMagic:tooltip>##attachments_ItemErrorFill_Tooltip##</appMagic:tooltip>
    </property>
    <property name="ItemErrorColor" localizedName="##attachments_ItemErrorColor##" datatype="Color" defaultValue="RGBA(255, 255, 255, 1)" isExpr="true" converter="argbConverter">
      <title>Item error foreground color</title>
      <appMagic:category>design</appMagic:category>
      <appMagic:helperUI>color</appMagic:helperUI>
      <appMagic:displayName>##attachments_ItemErrorColor_DisplayName##</appMagic:displayName>
      <appMagic:tooltip>##attachments_ItemErrorColor_Tooltip##</appMagic:tooltip>
    </property>
    <property name="NoAttachmentsText" localizedName="##attachments_NoAttachmentsText_PropertyName##" datatype="String" defaultValue="##attachments_NoAttachmentsText##">
      <appMagic:displayName>##attachments_NoAttachmentsText_DisplayName##</appMagic:displayName>
      <appMagic:tooltip>##attachments_NoAttachmentsText_Tooltip##</appMagic:tooltip>
      <appMagic:category>data</appMagic:category>
    </property>
    <property name="NoAttachmentsColor" localizedName="##attachments_NoAttachmentsColor##" datatype="Color" defaultValue="Self.Color" isExpr="true" converter="argbConverter">
      <title>No attachments color</title>
      <appMagic:category>design</appMagic:category>
      <appMagic:helperUI>color</appMagic:helperUI>
      <appMagic:displayName>##attachments_NoAttachmentsColor_DisplayName##</appMagic:displayName>
      <appMagic:tooltip>##attachments_NoAttachmentsColor_Tooltip##</appMagic:tooltip>
    </property>
    <property name="NoAttachmentsPaddingLeft" localizedName="##attachments_NoAttachmentsPaddingLeft##" datatype="number" defaultValue="12" phoneDefaultValue="20" direction="in" hidden="true">
      <title>No attachments color</title>
      <appMagic:category>design</appMagic:category>
      <appMagic:displayName>##attachments_NoAttachmentsPaddingLeft_DisplayName##</appMagic:displayName>
      <appMagic:tooltip>##attachments_NoAttachmentsPaddingLeft_Tooltip##</appMagic:tooltip>
    </property>
    <property name="AddAttachmentText" localizedName="##attachments_AddAttachmentText_PropertyName##" datatype="String" defaultValue="##attachments_AddAttachmentText##">
      <appMagic:displayName>##attachments_AddAttachmentText_DisplayName##</appMagic:displayName>
      <appMagic:tooltip>##attachments_AddAttachmentText_Tooltip##</appMagic:tooltip>
      <appMagic:category>data</appMagic:category>
    </property>
    <property name="AddAttachmentColor" localizedName="##attachments_AddAttachmentColor##" datatype="Color" defaultValue="Self.Color" isExpr="true" converter="argbConverter">
      <title>Add attachment color</title>
      <appMagic:category>design</appMagic:category>
      <appMagic:helperUI>color</appMagic:helperUI>
      <appMagic:displayName>##attachments_AddAttachmentColor_DisplayName##</appMagic:displayName>
      <appMagic:tooltip>##attachments_AddAttachmentColor_Tooltip##</appMagic:tooltip>
    </property>
    <property name="AddAttachmentPaddingLeft" localizedName="##attachments_AddAttachmentPaddingLeft##" datatype="number" defaultValue="12" phoneDefaultValue="20" direction="in" hidden="true">
      <title>Add attachment padding left</title>
      <appMagic:category>design</appMagic:category>
      <appMagic:displayName>##attachments_AddAttachmentPaddingLeft_DisplayName##</appMagic:displayName>
      <appMagic:tooltip>##attachments_AddAttachmentPaddingLeft_Tooltip##</appMagic:tooltip>
    </property>
    <property name="MaxAttachmentsText" localizedName="##attachments_MaxAttachmentsText_PropertyName##" datatype="String" defaultValue="##attachments_MaxAttachmentsText##">
      <appMagic:displayName>##attachments_MaxAttachmentsText_DisplayName##</appMagic:displayName>
      <appMagic:tooltip>##attachments_MaxAttachmentsText_Tooltip##</appMagic:tooltip>
      <appMagic:category>data</appMagic:category>
    </property>
    <property name="MaxAttachmentsColor" localizedName="##attachments_MaxAttachmentsColor##" datatype="Color" defaultValue="Self.Color" isExpr="true" converter="argbConverter">
      <title>Max attachments color</title>
      <appMagic:category>design</appMagic:category>
      <appMagic:helperUI>color</appMagic:helperUI>
      <appMagic:displayName>##attachments_MaxAttachmentsColor_DisplayName##</appMagic:displayName>
      <appMagic:tooltip>##attachments_MaxAttachmentsColor_Tooltip##</appMagic:tooltip>
    </property>
    <property name="MaxAttachmentsPaddingLeft" localizedName="##attachments_MaxAttachmentsPaddingLeft##" datatype="number" defaultValue="12" phoneDefaultValue="20" direction="in" hidden="true">
      <title>Max attachments color</title>
      <appMagic:category>design</appMagic:category>
      <appMagic:displayName>##attachments_MaxAttachmentsPaddingLeft_DisplayName##</appMagic:displayName>
      <appMagic:tooltip>##attachments_MaxAttachmentsPaddingLeft_Tooltip##</appMagic:tooltip>
    </property>
    <property name="DropTargetBorderThickness" localizedName="##attachments_DropTargetBorderThickness##" datatype="Number" defaultValue="2" converter="pxConverter" nullDefault="0" minimum="0">
      <title>Drop target border thickness</title>
      <appMagic:category>design</appMagic:category>
      <appMagic:helperUI>lineWidth</appMagic:helperUI>
      <appMagic:displayName>##attachments_DropTargetBorderThickness_DisplayName##</appMagic:displayName>
      <appMagic:tooltip>##attachments_DropTargetBorderThickness_Tooltip##</appMagic:tooltip>
    </property>
    <property name="DropTargetBorderStyle" localizedName="##attachments_DropTargetBorderStyle##" datatype="BorderStyle" defaultValue="%BorderStyle.RESERVED%.Dotted" isExpr="true">
      <title>Drop target border style</title>
      <appMagic:category>design</appMagic:category>
      <appMagic:helperUI>lineStyle</appMagic:helperUI>
      <appMagic:displayName>##attachments_DropTargetBorderStyle_DisplayName##</appMagic:displayName>
    </property>
    <property name="DropTargetBorderColor" localizedName="##attachments_DropTargetBorderColor##" datatype="Color" isExpr="true" defaultValue="RGBA(0, 0, 0, 1)" converter="argbConverter">
      <title>Drop target border color</title>
      <appMagic:category>design</appMagic:category>
      <appMagic:helperUI>color</appMagic:helperUI>
      <appMagic:displayName>##attachments_DropTargetBorderColor_DisplayName##</appMagic:displayName>
      <appMagic:tooltip>##attachments_DropTargetBorderColor_Tooltip##</appMagic:tooltip>
    </property>
    <property name="DropTargetBackgroundColor" localizedName="##attachments_DropTargetBackgroundColor##" datatype="Color" isExpr="true" defaultValue="RGBA(255, 255, 255, 0.8)" converter="argbConverter">
      <title>Drop target background color</title>
      <appMagic:category>design</appMagic:category>
      <appMagic:helperUI>color</appMagic:helperUI>
      <appMagic:displayName>##attachments_DropTargetBackgroundColor_DisplayName##</appMagic:displayName>
      <appMagic:tooltip>##attachments_DropTargetBackgroundColor_Tooltip##</appMagic:tooltip>
    </property>
    <property name="DropTargetTextColor" localizedName="##attachments_DropTargetTextColor##" datatype="Color" isExpr="true" defaultValue="RGBA(0, 0, 0, 1)" converter="argbConverter">
      <title>Drop target text color</title>
      <appMagic:category>design</appMagic:category>
      <appMagic:helperUI>color</appMagic:helperUI>
      <appMagic:displayName>##attachments_DropTargetTextColor_DisplayName##</appMagic:displayName>
      <appMagic:tooltip>##attachments_DropTargetTextColor_Tooltip##</appMagic:tooltip>
    </property>
    <!-- Internal (hidden) properties -->
    <property name="AttachedFileListLabel" localizedName="##attachments_AttachedFileListLabel_PropertyName##" datatype="String" defaultValue="##attachments_AttachedFileListLabel##" hidden="true">
      <appMagic:displayName>##attachments_AttachedFileListLabel_DisplayName##</appMagic:displayName>
      <appMagic:tooltip>##attachments_AttachedFileListLabel_Tooltip##</appMagic:tooltip>
      <appMagic:category>data</appMagic:category>
    </property>
    <property name="DownloadErrorMessageText" localizedName="##attachments_DownloadErrorMessageText_PropertyName##" datatype="String" defaultValue="##attachments_DownloadErrorMessageText##" hidden="true">
      <appMagic:displayName>##attachments_DownloadErrorMessageText_DisplayName##</appMagic:displayName>
      <appMagic:tooltip>##attachments_DownloadErrorMessageText_Tooltip##</appMagic:tooltip>
      <appMagic:category>data</appMagic:category>
    </property>
    <property name="DownloadErrorMessageTitle" localizedName="##attachments_DownloadErrorMessageTitle_PropertyName##" datatype="String" defaultValue="##attachments_DownloadErrorMessageTitle##" hidden="true">
      <appMagic:displayName>##attachments_DownloadErrorMessageTitle_DisplayName##</appMagic:displayName>
      <appMagic:tooltip>##attachments_DownloadErrorMessageTitle_Tooltip##</appMagic:tooltip>
      <appMagic:category>data</appMagic:category>
    </property>
    <property name="FetchErrorMessageText" localizedName="##attachments_FetchErrorMessageText_PropertyName##" datatype="String" defaultValue="##attachments_FetchErrorMessageText##" hidden="true">
      <appMagic:displayName>##attachments_FetchErrorMessageText_DisplayName##</appMagic:displayName>
      <appMagic:tooltip>##attachments_FetchErrorMessageText_Tooltip##</appMagic:tooltip>
      <appMagic:category>data</appMagic:category>
    </property>
    <property name="UsePhoneLayout" localizedName="##attachments_UsePhoneLayout##" datatype="Boolean" defaultValue="false" phoneDefaultValue="true" hidden="true">
      <appMagic:category>design</appMagic:category>
    </property>
    <!-- TASK: 85476: Do Behavior properties make sense as input only? -->
    <property name="OnAttach" localizedName="##attachments_OnAttach##" datatype="Boolean" defaultValue="false" direction="in" hidden="true">
      <title>Attachments attach behavior</title>
      <appMagic:category>behavior</appMagic:category>
      <appMagic:displayName>##attachments_OnAttach_DisplayName##</appMagic:displayName>
      <appMagic:tooltip>##attachments_OnAttach_Tooltip##</appMagic:tooltip>
    </property>
    <!-- TASK: 85476: Do Behavior properties make sense as input only? -->
    <property name="OnRemove" localizedName="##attachments_OnRemove##" datatype="Boolean" defaultValue="false" direction="in" hidden="true">
      <title>Attachments remove attachment behavior</title>
      <appMagic:category>behavior</appMagic:category>
      <appMagic:displayName>##attachments_OnRemove_DisplayName##</appMagic:displayName>
      <appMagic:tooltip>##attachments_OnRemove_Tooltip##</appMagic:tooltip>
    </property>
    <property name="OnAddFile" localizedName="##attachments_OnAddFile##" datatype="Boolean" defaultValue="false" direction="in" isPrimaryBehaviorProperty="true">
      <appMagic:category>behavior</appMagic:category>
      <appMagic:displayName>##attachments_OnAddFile_DisplayName##</appMagic:displayName>
      <appMagic:tooltip>##attachments_OnAddFile_Tooltip##</appMagic:tooltip>
    </property>
    <property name="OnRemoveFile" localizedName="##attachments_OnRemoveFile##" datatype="Boolean" defaultValue="false" direction="in">
      <appMagic:category>behavior</appMagic:category>
      <appMagic:displayName>##attachments_OnRemoveFile_DisplayName##</appMagic:displayName>
      <appMagic:tooltip>##attachments_OnRemoveFile_Tooltip##</appMagic:tooltip>
    </property>
    <property name="OnUndoRemoveFile" localizedName="##attachments_OnUndoRemoveFile##" datatype="Boolean" defaultValue="false" direction="in">
      <appMagic:category>behavior</appMagic:category>
      <appMagic:displayName>##attachments_OnUndoRemoveFile_DisplayName##</appMagic:displayName>
      <appMagic:tooltip>##attachments_OnUndoRemoveFile_Tooltip##</appMagic:tooltip>
    </property>
  </properties>
  <appMagic:includeProperties>
    <!-- Data -->
    <appMagic:includeProperty name="AccessibleLabel" />
    <appMagic:includeProperty name="Tooltip" />
    <appMagic:includeProperty name="ContentLanguage" />
    <!-- Design -->
    <appMagic:includeProperty name="Color" defaultValue="RGBA(0, 0, 0, 1)" isExpr="true" />
    <appMagic:includeProperty name="HoverColor" defaultValue="Self.Color" />
    <appMagic:includeProperty name="PressedColor" defaultValue="Self.Color" />
    <appMagic:includeProperty name="DisabledColor" defaultValue="RGBA(186, 186, 186, 1)" />
    <appMagic:includeProperty name="BorderColor" defaultValue="RGBA(69, 69, 69, 1)" />
    <appMagic:includeProperty name="DisabledBorderColor" defaultValue="RGBA(186, 186, 186, 1)" />
    <appMagic:includeProperty name="HoverBorderColor" defaultValue="ColorFade(Self.BorderColor, 15%)" />
    <appMagic:includeProperty name="PressedBorderColor" defaultValue="Self.HoverBorderColor" />
    <appMagic:includeProperty name="BorderStyle" />
    <appMagic:includeProperty name="BorderThickness" defaultValue="0" />
    <appMagic:includeProperty name="FocusedBorderColor" defaultValue="Self.BorderColor" isExpr="true" />
    <appMagic:includeProperty name="FocusedBorderThickness" defaultValue="0" />
    <appMagic:includeProperty name="Fill" defaultValue="RGBA(255, 255, 255, 1)" />
    <appMagic:includeProperty name="DisabledFill" defaultValue="RGBA(242, 242, 242, 1)" />
    <appMagic:includeProperty name="PressedFill" defaultValue="ColorFade(Self.Fill, -30%)" />
    <appMagic:includeProperty name="HoverFill" defaultValue="RGBA(186, 186, 186, 1)" />
    <appMagic:includeProperty name="Font" />
    <appMagic:includeProperty name="Size" defaultValue="13" phoneDefaultValue="21" />
    <appMagic:includeProperty name="FontWeight" />
    <appMagic:includeProperty name="Italic" />
    <appMagic:includeProperty name="Underline" />
    <appMagic:includeProperty name="Strikethrough" />
    <appMagic:includeProperty name="PaddingTop" defaultValue="0" />
    <appMagic:includeProperty name="PaddingRight" defaultValue="0" />
    <appMagic:includeProperty name="PaddingBottom" defaultValue="0" />
    <appMagic:includeProperty name="PaddingLeft" defaultValue="0" />
    <appMagic:includeProperty name="X" />
    <appMagic:includeProperty name="Y" />
    <appMagic:includeProperty name="Width" defaultValue="330" phoneDefaultValue="575" webDefaultValue="384" />
    <appMagic:includeProperty name="Height" defaultValue="300" phoneDefaultValue="520" />
    <appMagic:includeProperty name="Visible" />
    <appMagic:includeProperty name="TabIndex" />
    <appMagic:includeProperty name="DisplayMode" />
    <!-- Behavior -->
    <appMagic:includeProperty name="OnSelect" direction="in" hidden="true" />
    <!-- Hidden properties -->
    <appMagic:includeProperty name="minimumWidth" defaultValue="80" />
    <appMagic:includeProperty name="minimumHeight" defaultValue="35" />
    <appMagic:includeProperty name="maximumWidth" defaultValue="1366" />
    <appMagic:includeProperty name="maximumHeight" defaultValue="768" />
  </appMagic:includeProperties>
  <!--Property Dependencies -->
  <appMagic:propertyDependencies>
    <appMagic:propertyDependency input="Items" output="Attachments" />
    <appMagic:propertyDependency input="Default" output="Attachments" />
    <appMagic:propertyDependency input="Reset" output="Attachments" />
  </appMagic:propertyDependencies>
  <appMagic:displayMetadata>
    <appMagic:section>
      <appMagic:property name="Default" />
      <appMagic:property name="MaxAttachments" />
      <appMagic:property name="MaxAttachmentSize" />
      <appMagic:property name="DisplayMode" />
    </appMagic:section>
    <appMagic:section>
      <appMagic:property name="Visible" />
      <appMagic:propertyGroup name="Position">
        <appMagic:property name="X" />
        <appMagic:property name="Y" />
      </appMagic:propertyGroup>
      <appMagic:propertyGroup name="Size">
        <appMagic:property name="Width" />
        <appMagic:property name="Height" />
      </appMagic:propertyGroup>
      <appMagic:propertyGroup name="Padding">
        <appMagic:property name="PaddingTop" labelOverride="##Padding_Top_Title##" />
        <appMagic:property name="PaddingBottom" labelOverride="##Padding_Bottom_Title##" />
        <appMagic:property name="PaddingLeft" labelOverride="##Padding_Left_Title##" />
        <appMagic:property name="PaddingRight" labelOverride="##Padding_Right_Title##" />
      </appMagic:propertyGroup>
    </appMagic:section>
    <appMagic:section>
      <appMagic:propertyGroup name="Color">
        <appMagic:property name="Color" showInFloatie="true" />
        <appMagic:property name="Fill" showInFloatie="true" />
      </appMagic:propertyGroup>
      <appMagic:property name="Font" displayType="FontEnum" showInFloatie="true" />
      <appMagic:property name="Size" labelOverride="##FontSize_Property##" showInFloatie="true" />
      <appMagic:property name="FontWeight" displayType="EnumIcon" itemsOrder="Bold;Semibold;Normal;Lighter" />
      <appMagic:propertyGroup name="Style">
        <appMagic:property name="Italic" displayType="ToggleButton" />
        <appMagic:property name="Underline" displayType="ToggleButton" />
        <appMagic:property name="Strikethrough" displayType="ToggleButton" />
      </appMagic:propertyGroup>
      <appMagic:propertyGroup name="Border">
        <appMagic:property name="BorderStyle" />
        <appMagic:property name="BorderThickness" />
        <appMagic:property name="BorderColor" />
      </appMagic:propertyGroup>
      <appMagic:propertyGroup name="DropTargetColor">
        <appMagic:property name="DropTargetTextColor" showInFloatie="true" />
        <appMagic:property name="DropTargetBackgroundColor" showInFloatie="true" />
      </appMagic:propertyGroup>
      <appMagic:propertyGroup name="DropTargetBorder">
        <appMagic:property name="DropTargetBorderStyle" />
        <appMagic:property name="DropTargetBorderThickness" />
        <appMagic:property name="DropTargetBorderColor" />
      </appMagic:propertyGroup>
    </appMagic:section>
    <!-- <appMagic:section>
      <appMagic:propertyGroup name="ItemColor">
        <appMagic:property name="ItemColor" />
        <appMagic:property name="ItemFill" />
      </appMagic:propertyGroup>
      <appMagic:propertyGroup name="ItemHoverColor">
        <appMagic:property name="ItemHoverColor" />
        <appMagic:property name="ItemHoverFill" />
      </appMagic:propertyGroup>
      <appMagic:propertyGroup name="ItemDisabledColor">
        <appMagic:property name="ItemDisabledColor" />
        <appMagic:property name="ItemDisabledFill" />
      </appMagic:propertyGroup>
    </appMagic:section> -->
    <appMagic:section>
      <appMagic:propertyGroup name="DisabledColor">
        <appMagic:property name="DisabledColor" />
        <appMagic:property name="DisabledFill" />
        <appMagic:property name="DisabledBorderColor" />
      </appMagic:propertyGroup>
      <appMagic:propertyGroup name="HoverColor">
        <appMagic:property name="HoverColor" />
        <appMagic:property name="HoverFill" />
        <appMagic:property name="HoverBorderColor" />
      </appMagic:propertyGroup>
      <appMagic:propertyGroup name="PressedColor">
        <appMagic:property name="PressedColor" />
        <appMagic:property name="PressedFill" />
        <appMagic:property name="PressedBorderColor" />
      </appMagic:propertyGroup>
      <appMagic:property name="Tooltip" />
      <appMagic:property name="TabIndex" />
    </appMagic:section>
  </appMagic:displayMetadata>
  <appMagic:conversion from="2.0.0" to="2.0.1">
    <appMagic:conversionAction type="rename" name="Selected" newName="Attachments" />
  </appMagic:conversion>
  <appMagic:conversion from="2.0.1" to="2.0.2">
    <appMagic:conversionAction type="add" name="AddAttachmentColor" />
    <appMagic:conversionAction type="add" name="AddAttachmentPaddingLeft" />
    <appMagic:conversionAction type="add" name="AddedItemColor" />
    <appMagic:conversionAction type="add" name="AddedItemFill" />
    <appMagic:conversionAction type="add" name="FetchErrorMessageText" />
    <appMagic:conversionAction type="add" name="MaxAttachmentSize" />
    <appMagic:conversionAction type="add" name="MaxAttachmentsColor" />
    <appMagic:conversionAction type="add" name="MaxAttachmentsPaddingLeft" />
    <appMagic:conversionAction type="add" name="MaxAttachmentsText" />
    <appMagic:conversionAction type="add" name="RemovedItemColor" />
    <appMagic:conversionAction type="add" name="RemovedItemFill" />
    <appMagic:conversionAction type="add" name="UndoRemoveAttachmentTooltip" />
    <appMagic:conversionAction type="remove" name="ProgressBarColor" />
    <appMagic:conversionAction type="remove" name="ProgressBarFill" />
    <appMagic:conversionAction type="remove" name="RemoveConfirmDialogText" />
    <appMagic:conversionAction type="remove" name="RemoveConfirmDialogTitle" />
  </appMagic:conversion>
  <appMagic:conversion from="2.0.2" to="2.0.3">
    <appMagic:conversionAction type="add" name="IsInDataCard" />
  </appMagic:conversion>
  <appMagic:conversion from="2.0.3" to="2.0.4">
    <appMagic:conversionAction type="add" name="OnAddFile" />
    <appMagic:conversionAction type="add" name="OnRemoveFile" />
    <appMagic:conversionAction type="add" name="OnUndoRemoveFile" />
  </appMagic:conversion>
  <appMagic:conversion from="2.0.4" to="2.1.0">
    <!-- Remove maximum restriction on MaxAttachmentSize; make MaxAttachments input/output -->
  </appMagic:conversion>
  <appMagic:conversion from="2.1.0" to="2.2.0">
    <appMagic:conversionAction type="add" name="ContentLanguage" />
  </appMagic:conversion>
  <appMagic:conversion from="2.2.0" to="2.3.0">
    <appMagic:conversionAction type="add" name="DropTargetBorderThickness" />
    <appMagic:conversionAction type="add" name="DropTargetBorderStyle" />
    <appMagic:conversionAction type="add" name="DropTargetBorderColor" />
    <appMagic:conversionAction type="add" name="DropTargetBackgroundColor" />
    <appMagic:conversionAction type="add" name="DropTargetTextColor" />
  </appMagic:conversion>
</widget>