{
  "ClientPerFileChecksums": {
    ".gitignore": "C8_VaC8EcEG56Ufcy1DFyC8Ky19iV9xSsXMDIAcmF2GTj8=",
    "AppCheckerResult.sarif": "C8_ud9faWIrnJTmDob3U0wdJDUwbZDgYSlak2oFp5mFarg=",
    "Assets\\Images\\0001.png": "C8_V8tAtW04wJr1/okevaWdaalwMUOJHr/bfiHQbVxfwm4=",
    "Assets\\Images\\0002.png": "C8_4ZwR86rfWMKoKU/ztqsJ5v0zsEUx2RviqaNa+xk//qU=",
    "Assets\\Images\\0003.jpg": "C8_mX8+mky4m2dh/7Hsqufk+5AD0wlqdMGYYmX8KKMkT28=",
    "Assets\\Images\\0004.png": "C8_VhccUkTGX8dvs00gWMM+iKdRSkV/+O5rT9SnSDCwnm8=",
    "Assets\\Images\\0005.jpg": "C8_HJ5hQmh1sQGZKnVCjA2c/vbF8xdTGG/Rj+vXgbSKLME=",
    "Assets\\Images\\0006.jpg": "C8_SBzwAvNzslNevfxm2RhbEBJzaftC/6lVMNAIJeMsWiU=",
    "Assets\\Images\\0007.jpg": "C8_abSIiDZ412c4NtXesd9VESAPY6rbQujnEfs0uWCwaos=",
    "Assets\\Images\\0008.jpg": "C8_Rw8ZHfYy+ezhlYP4xhRV+l3CkAYnPMBvexWFTMLlNlU=",
    "Assets\\Images\\0009.jpg": "C8_ERA7xxLy2h/n+AOf0GwEOexLgr/D+0eyX4Iv84bBkH0=",
    "Assets\\Images\\0010.jpg": "C8_ERA7xxLy2h/n+AOf0GwEOexLgr/D+0eyX4Iv84bBkH0=",
    "Assets\\Images\\0011.png": "C8_1Kk93gibLVPDSBocq6ty+V3+8PzscGuiA0Ke6GLuJEA=",
    "Assets\\Images\\0012.png": "C8_MS+d+F9v/ap4mLngr1YaXKEjpZYuE01QIS9EQ4EWVnI=",
    "Assets\\Images\\0013.png": "C8_koF6vv7lnOL2pVat9bRYGoM0rcrxf+XubVQQCyoOZ1k=",
    "Assets\\Images\\0014.jpg": "C8_jLkqqHdyk7/z1IupFxvg+5u1xRjB2VBQ37oa4I0IBCo=",
    "Assets\\Images\\0015.jpg": "C8_uBbNGnjBgqU+GF8P8haeOwBVmWkdrzZ1X43GLkEAN4Q=",
    "Assets\\Images\\0016.jpg": "C8_xrx8ws3f1WlTw4QOprd+F0s3OuSjDHVXj01HfwNtWbE=",
    "Assets\\Images\\0017.png": "C8_ZSSfmU1d3K/soNdw+Ypcs2ZMq5JftAHpuouYLEx8uGk=",
    "Assets\\Images\\0018.jpg": "C8_B3HGUQkIsC7iIUc9ZneiRHrLtXyGhI6++Ta7PiV6DLI=",
    "Assets\\Images\\0019.png": "C8_+/cMbexHx1LU+ld6v+0B4m/VpAgvBjPVS6cKDb8NMbw=",
    "Controls\\1.json": "C8_RPxOCKse4RjyXH84rrVm5iOVfDcm0U9gkDGsydtTmso=",
    "Controls\\1090.json": "C8_JgM4MCFq3YbQ35bQ8UdGC1TOi54LyjldM20LTkLBtvg=",
    "Controls\\1215.json": "C8_1eUXuPmL7wWwrgWnSGs3kjxIktnqDen+WQafZ55iXes=",
    "Controls\\1335.json": "C8_H5uLqdoeWFDbTIWUiLMwt4VEprDu7H1RI4mf8Wb2Lt4=",
    "Controls\\1444.json": "C8_D/nIXm84ZhpBLNqj0tqBj297bIiq5vlMGCI/2q/gD7w=",
    "Controls\\1502.json": "C8_HO8Akd1g4EjYsmAKzGMnGGmHL5vX0f5YfSJpqL0uAyE=",
    "Controls\\1629.json": "C8_s+/WVkUW+fbdFIypAznqQrJtykLoIT1m60xaF5CFdMo=",
    "Controls\\173.json": "C8_fst36qN0ipp+/IvKD0sAs/oG5VkxxqcVoJhYmgQGbRA=",
    "Controls\\1813.json": "C8_4q6qdPnLhb0ujwm265H8DMmMzwK5EwDKRg06wq84ALE=",
    "Controls\\1899.json": "C8_/O6pd9a1LVzmxkBONYPLNSSdARHhGhzBMUjkyxZLKcw=",
    "Controls\\194.json": "C8_a5rnwjWqydBAmCUBELhLdA7m2IqFofqht4SrJIKTELw=",
    "Controls\\1952.json": "C8_z040aM31rqfEITmYOPLQZGsuaplLYoKQdroCZaJxImU=",
    "Controls\\332.json": "C8_wot9MbzvolZVEDxKufBXoYh+9Bv3k5WqH20ww64nkFs=",
    "Controls\\4.json": "C8_GB7BxBhcCBwPL2FJItEeB+H5hwvw2DHdhKQdCNLT4So=",
    "Controls\\402.json": "C8_de66u+N2LQxusCNf5Uocy9rIF6z/5P0TK9icWmgbg3E=",
    "Controls\\477.json": "C8_2f0Uc/Ip4mvuza6N7GJJ81YkU3jaOfI1ustO4OxUW4A=",
    "Controls\\554.json": "C8_4Xkbjsj0y29yzNCXGu5FXed0W3FVgIMMdT+8Xsp6kNo=",
    "Controls\\665.json": "C8_EBzdbP5MvnQ57Xuf+ghb3W9nlXQ0xqF77pv11hJPejE=",
    "Controls\\799.json": "C8_BrpuPnlOU1ZWXmQP3+PGsdoaliH8PPBVUpWfkd9Yv2U=",
    "Controls\\867.json": "C8_zoqnqDJqDynTvh0Hi3F304cXOV9VAKLyKHB4Tc9ZBNc=",
    "Controls\\87.json": "C8_j5Fw9MJw3pB2HJh6OvqwOujaHF42yrPDg+6dRbLg+1E=",
    "Controls\\994.json": "C8_OROpoqiOpr97U2+ZZkH/YTpkwohqut4La/tHBCMC9zM=",
    "Header.json": "C8_lKtti+SoYOtfQYjmehZ+UeDDBorktRYYamyvmsPzU8c=",
    "Properties.json": "C8_ZSGjKB2O5kGWq711QDLQb/A/Hmyc+qFPnQ9vJR8QnmQ=",
    "References\\DataSources.json": "C8_GpDT6E4U1yxCMziZ0qEz3NnyAkXXgs1jCgBBmBBUBpk=",
    "References\\ModernThemes.json": "C8_KDQJ/3t27vgKx25iCQB/PGqxkWE34ZB7Eyb+RxNxY0k=",
    "References\\QualifiedValues.json": "C8_hkXy3BPGBVuUlpOMFTAolp0yzG6loGNO/ZlL6lfTp1c=",
    "References\\Resources.json": "C8_P95yU1WaD3qWblPvI4i1lE7mrf/kTv+IdwDSr23AqWk=",
    "References\\Templates.json": "C8_/nknM7vSOXktesSw7dgNAApElpVXxUu4kX7g0fOmFFw=",
    "References\\Themes.json": "C8_mY31hKvIDNMKyL9v+OE1UCcyqmSZw/4e1JUEvoo/zxM=",
    "Resources\\PublishInfo.json": "C8_mC9/RqVQqsvpVCq4/tGxrWz+7Yafxs3E7yuNgHWkpNQ="
  },
  "ClientStampedChecksum": "C8_jh1h8v+uN9qiNPrSX9M4jRsLUUGz4DF7QBS3mJtuGEI=",
  "ServerPerFileChecksums": {
    ".gitignore": "C8_VaC8EcEG56Ufcy1DFyC8Ky19iV9xSsXMDIAcmF2GTj8=",
    "AppCheckerResult.sarif": "C8_ud9faWIrnJTmDob3U0wdJDUwbZDgYSlak2oFp5mFarg=",
    "Assets\\Images\\0001.png": "C8_V8tAtW04wJr1/okevaWdaalwMUOJHr/bfiHQbVxfwm4=",
    "Assets\\Images\\0002.png": "C8_4ZwR86rfWMKoKU/ztqsJ5v0zsEUx2RviqaNa+xk//qU=",
    "Assets\\Images\\0003.jpg": "C8_mX8+mky4m2dh/7Hsqufk+5AD0wlqdMGYYmX8KKMkT28=",
    "Assets\\Images\\0004.png": "C8_VhccUkTGX8dvs00gWMM+iKdRSkV/+O5rT9SnSDCwnm8=",
    "Assets\\Images\\0005.jpg": "C8_HJ5hQmh1sQGZKnVCjA2c/vbF8xdTGG/Rj+vXgbSKLME=",
    "Assets\\Images\\0006.jpg": "C8_SBzwAvNzslNevfxm2RhbEBJzaftC/6lVMNAIJeMsWiU=",
    "Assets\\Images\\0007.jpg": "C8_abSIiDZ412c4NtXesd9VESAPY6rbQujnEfs0uWCwaos=",
    "Assets\\Images\\0008.jpg": "C8_Rw8ZHfYy+ezhlYP4xhRV+l3CkAYnPMBvexWFTMLlNlU=",
    "Assets\\Images\\0009.jpg": "C8_ERA7xxLy2h/n+AOf0GwEOexLgr/D+0eyX4Iv84bBkH0=",
    "Assets\\Images\\0010.jpg": "C8_ERA7xxLy2h/n+AOf0GwEOexLgr/D+0eyX4Iv84bBkH0=",
    "Assets\\Images\\0011.png": "C8_1Kk93gibLVPDSBocq6ty+V3+8PzscGuiA0Ke6GLuJEA=",
    "Assets\\Images\\0012.png": "C8_MS+d+F9v/ap4mLngr1YaXKEjpZYuE01QIS9EQ4EWVnI=",
    "Assets\\Images\\0013.png": "C8_koF6vv7lnOL2pVat9bRYGoM0rcrxf+XubVQQCyoOZ1k=",
    "Assets\\Images\\0014.jpg": "C8_jLkqqHdyk7/z1IupFxvg+5u1xRjB2VBQ37oa4I0IBCo=",
    "Assets\\Images\\0015.jpg": "C8_uBbNGnjBgqU+GF8P8haeOwBVmWkdrzZ1X43GLkEAN4Q=",
    "Assets\\Images\\0016.jpg": "C8_xrx8ws3f1WlTw4QOprd+F0s3OuSjDHVXj01HfwNtWbE=",
    "Assets\\Images\\0017.png": "C8_ZSSfmU1d3K/soNdw+Ypcs2ZMq5JftAHpuouYLEx8uGk=",
    "Assets\\Images\\0018.jpg": "C8_B3HGUQkIsC7iIUc9ZneiRHrLtXyGhI6++Ta7PiV6DLI=",
    "Assets\\Images\\0019.png": "C8_+/cMbexHx1LU+ld6v+0B4m/VpAgvBjPVS6cKDb8NMbw=",
    "Controls\\1.json": "C8_RPxOCKse4RjyXH84rrVm5iOVfDcm0U9gkDGsydtTmso=",
    "Controls\\1090.json": "C8_JgM4MCFq3YbQ35bQ8UdGC1TOi54LyjldM20LTkLBtvg=",
    "Controls\\1215.json": "C8_1eUXuPmL7wWwrgWnSGs3kjxIktnqDen+WQafZ55iXes=",
    "Controls\\1335.json": "C8_H5uLqdoeWFDbTIWUiLMwt4VEprDu7H1RI4mf8Wb2Lt4=",
    "Controls\\1444.json": "C8_D/nIXm84ZhpBLNqj0tqBj297bIiq5vlMGCI/2q/gD7w=",
    "Controls\\1502.json": "C8_HO8Akd1g4EjYsmAKzGMnGGmHL5vX0f5YfSJpqL0uAyE=",
    "Controls\\1629.json": "C8_s+/WVkUW+fbdFIypAznqQrJtykLoIT1m60xaF5CFdMo=",
    "Controls\\173.json": "C8_fst36qN0ipp+/IvKD0sAs/oG5VkxxqcVoJhYmgQGbRA=",
    "Controls\\1813.json": "C8_4q6qdPnLhb0ujwm265H8DMmMzwK5EwDKRg06wq84ALE=",
    "Controls\\1899.json": "C8_/O6pd9a1LVzmxkBONYPLNSSdARHhGhzBMUjkyxZLKcw=",
    "Controls\\194.json": "C8_a5rnwjWqydBAmCUBELhLdA7m2IqFofqht4SrJIKTELw=",
    "Controls\\1952.json": "C8_z040aM31rqfEITmYOPLQZGsuaplLYoKQdroCZaJxImU=",
    "Controls\\332.json": "C8_wot9MbzvolZVEDxKufBXoYh+9Bv3k5WqH20ww64nkFs=",
    "Controls\\4.json": "C8_GB7BxBhcCBwPL2FJItEeB+H5hwvw2DHdhKQdCNLT4So=",
    "Controls\\402.json": "C8_de66u+N2LQxusCNf5Uocy9rIF6z/5P0TK9icWmgbg3E=",
    "Controls\\477.json": "C8_2f0Uc/Ip4mvuza6N7GJJ81YkU3jaOfI1ustO4OxUW4A=",
    "Controls\\554.json": "C8_4Xkbjsj0y29yzNCXGu5FXed0W3FVgIMMdT+8Xsp6kNo=",
    "Controls\\665.json": "C8_EBzdbP5MvnQ57Xuf+ghb3W9nlXQ0xqF77pv11hJPejE=",
    "Controls\\799.json": "C8_BrpuPnlOU1ZWXmQP3+PGsdoaliH8PPBVUpWfkd9Yv2U=",
    "Controls\\867.json": "C8_zoqnqDJqDynTvh0Hi3F304cXOV9VAKLyKHB4Tc9ZBNc=",
    "Controls\\87.json": "C8_j5Fw9MJw3pB2HJh6OvqwOujaHF42yrPDg+6dRbLg+1E=",
    "Controls\\994.json": "C8_OROpoqiOpr97U2+ZZkH/YTpkwohqut4La/tHBCMC9zM=",
    "Header.json": "C8_lKtti+SoYOtfQYjmehZ+UeDDBorktRYYamyvmsPzU8c=",
    "Properties.json": "C8_ZSGjKB2O5kGWq711QDLQb/A/Hmyc+qFPnQ9vJR8QnmQ=",
    "References\\DataSources.json": "C8_GpDT6E4U1yxCMziZ0qEz3NnyAkXXgs1jCgBBmBBUBpk=",
    "References\\ModernThemes.json": "C8_KDQJ/3t27vgKx25iCQB/PGqxkWE34ZB7Eyb+RxNxY0k=",
    "References\\QualifiedValues.json": "C8_hkXy3BPGBVuUlpOMFTAolp0yzG6loGNO/ZlL6lfTp1c=",
    "References\\Resources.json": "C8_P95yU1WaD3qWblPvI4i1lE7mrf/kTv+IdwDSr23AqWk=",
    "References\\Templates.json": "C8_/nknM7vSOXktesSw7dgNAApElpVXxUu4kX7g0fOmFFw=",
    "References\\Themes.json": "C8_mY31hKvIDNMKyL9v+OE1UCcyqmSZw/4e1JUEvoo/zxM=",
    "Resources\\PublishInfo.json": "C8_mC9/RqVQqsvpVCq4/tGxrWz+7Yafxs3E7yuNgHWkpNQ="
  },
  "ServerStampedChecksum": "C8_jh1h8v+uN9qiNPrSX9M4jRsLUUGz4DF7QBS3mJtuGEI="
}