{
  "QualifiedValues": [
    {
      "Kind": "default.cds_cr510_additional_information_forms",
      "Namespace": "Additional_informations (Forms)",
      "Values": {
        "Information": "990569b6-8672-4613-8b1c-cff2705ac9fd"
      }
    },
    {
      "Kind": "default.cds_cr510_country_product_presentations_forms",
      "Namespace": "COUNTRY_PRODUCT_PRESENTATIONS (Forms)",
      "Values": {
        "Information": "f6f1f83b-bcf9-4137-8a90-fe751fa59c8e"
      }
    },
    {
      "Kind": "default.cds_cr510_country_user_mapping_forms",
      "Namespace": "Country_User_Mappings (Forms)",
      "Values": {
        "Information": "db83db33-82ef-42bf-8fd4-f3674a5cec1b"
      }
    },
    {
      "Kind": "default.cds_cr510_currency_value_forms",
      "Namespace": "CURRENCY_VALUES (Forms)",
      "Values": {
        "Information": "3432348a-cbde-47f3-8834-cac1cc9f7639"
      }
    },
    {
      "Kind": "default.cds_cr510_financials_data_table_forms",
      "Namespace": "FINANCIALS_DATA_TABLES (Forms)",
      "Values": {
        "Information": "f3f00c46-0594-4015-9b72-c2cf7d85ff82"
      }
    },
    {
      "Kind": "default.cds_cr510_payer_forms",
      "Namespace": "Payers (Forms)",
      "Values": {
        "Information": "5cda20e0-0006-4ae7-b079-b211afc8c5ca"
      }
    },
    {
      "Kind": "default.cds_cr510_business_case_forms",
      "Namespace": "PEA_BUSINESS_CASES (Forms)",
      "Values": {
        "Information": "3ca3b024-6f72-4886-98e8-9ff9f7e25a3d"
      }
    },
    {
      "Kind": "default.cds_cr510_pricing_proposal_forms",
      "Namespace": "Pricing_proposals (Forms)",
      "Values": {
        "Information": "07b212ee-09c9-4404-af59-df50ad44d573"
      }
    },
    {
      "Kind": "default.cds_cr510_ref_price_type_forms",
      "Namespace": "REF_PRICE_TYPES (Forms)",
      "Values": {
        "Information": "43af7a08-455f-4f7e-b467-a7161bced4ad"
      }
    },
    {
      "Kind": "default.cds_cr510_request_tracker_forms",
      "Namespace": "REQUEST_TRACKER (Forms)",
      "Values": {
        "Information": "5997361e-d6c2-4388-9c86-a573103e2192"
      }
    },
    {
      "Kind": "default.cds_cr510_type_of_request_forms",
      "Namespace": "TYPE_OF_REQUESTS (Forms)",
      "Values": {
        "Information": "411d78d6-fe38-4c48-90ce-b36cf88f08ad"
      }
    },
    {
      "Kind": "default.cds_systemuser_forms",
      "Namespace": "Users (Forms)",
      "Values": {
        "Application User": "d26924ef-4d80-46f7-ab1d-e6ae80a54ce8",
        "Information": "094fb08a-77bb-49e0-b7ea-8dbddfd01294",
        "User": "c2cd9e55-d4b4-4b55-9951-16ead79643e5",
        "User form – Business": "c2413504-7eb2-4c59-a087-95d819866114",
        "User Hierarchy Tile Form": "c68d6c09-d7a7-4959-8d0f-44b8cff9b452"
      }
    },
    {
      "Kind": "default.cds_cr510_user_role_forms",
      "Namespace": "User_Roles (Forms)",
      "Values": {
        "Information": "a190e818-1286-4055-a1a5-f9066c37a7a3"
      }
    },
    {
      "Kind": "default.cds_cr510_business_case_forms",
      "Namespace": "Business_Cases (Forms)",
      "Values": {
        "Information": "3ca3b024-6f72-4886-98e8-9ff9f7e25a3d"
      }
    },
    {
      "Kind": "default.cds_cr510_catalogue_forms",
      "Namespace": "CATALOGUES (Forms)",
      "Values": {
        "Information": "4fbe06d7-a523-4639-999f-d264950ac6d5"
      }
    },
    {
      "Kind": "default.cds_cr510_input_finance_forms",
      "Namespace": "INPUT_FINANCES_1 (Forms)",
      "Values": {
        "Information": "536770f1-eaeb-4115-8fc3-ffa085d40f92"
      }
    },
    {
      "Kind": "default.cds_cr510_countrycurrencyexchangerates1_forms",
      "Namespace": "REF_COUNTRY_CURRENCY_EXCHANGE_RATES (Forms)",
      "Values": {
        "Information": "dfc0e4c8-9b0b-4f08-b54c-2b516951615e"
      }
    },
    {
      "Kind": "default.cds_cr510_ref_currency_xchange_rates_forms",
      "Namespace": "REF_CURRENCY_XCHANGE_RATES (Forms)",
      "Values": {
        "Information": "fabca3fa-b295-4c96-86dc-b84b525fdce2"
      }
    },
    {
      "Kind": "default.cds_cr510_request_type_forms",
      "Namespace": "Request_Types (Forms)",
      "Values": {
        "Information": "57412f94-392a-423a-ab28-d4201f04a940"
      }
    },
    {
      "Kind": "default.cds_cr510_newtable_forms",
      "Namespace": "REF_RATIONALES (Forms)",
      "Values": {
        "Information": "73378dcc-6ad6-466d-9f36-8b97417f042b"
      }
    },
    {
      "Kind": "default.cds_cr510_input_finance_forms",
      "Namespace": "INPUT_FINANCES (Forms)",
      "Values": {
        "Information": "536770f1-eaeb-4115-8fc3-ffa085d40f92"
      }
    },
    {
      "Kind": "default.cds_cr510_financials_forms",
      "Namespace": "Financials (Forms)",
      "Values": {
        "Information": "8d238b72-ea86-4f86-b337-977b36ad97f1"
      }
    },
    {
      "Kind": "default.cds_cr510_product_table_forms",
      "Namespace": "Product_Tables (Forms)",
      "Values": {
        "Information": "18b64d56-df7e-4378-8df6-bd3517580a6f"
      }
    },
    {
      "Kind": "default.cds_cr510_catalogue_forms",
      "Namespace": "Catalogues (Forms)",
      "Values": {
        "Information": "4fbe06d7-a523-4639-999f-d264950ac6d5"
      }
    },
    {
      "Kind": "default.cds_cr510_input_pricing_backgrounds_forms",
      "Namespace": "INPUT_PRICING_BACKGROUNDS (Forms)",
      "Values": {
        "Information": "1c76e81a-8545-4143-be34-c3670f2e373c"
      }
    },
    {
      "Kind": "default.cds_activitymimeattachment_forms",
      "Namespace": "Attachments (Forms)",
      "Values": {
        "Information": "54149ee6-7e66-4e93-bde8-b53b9f1a9c45"
      }
    },
    {
      "Kind": "default.cds_account_forms",
      "Namespace": "Accounts (Forms)",
      "Values": {
        "Account": "8448b78f-8f42-454e-8e2a-f8196b0419af",
        "account card": "b028db32-3619-48a5-ac51-cf3f947b0ef3",
        "Account Card form": "cccff382-2b92-467e-bf1b-3db179512af8",
        "Account for Interactive experience": "a72c7955-442b-4ea4-9499-b10cd18b4256",
        "Account Hierarchy Tile Form": "69cff312-cfb6-4289-9631-249ab85d2c62",
        "Account Quick Create": "c9e7ec2d-efca-4e4c-b3e3-f63c4bba5e4b",
        "Account Reference Panel": "098ae145-1567-41ec-8398-86dbaac70c9b",
        "Information": "b053a39a-041a-4356-acef-ddf00182762b",
        "Social Profiles": "2205c86d-ed88-4a2f-a447-3b86a8781f2e"
      }
    },
    {
      "Kind": "default.cds_cr510_ref_conversion_rates_forms",
      "Namespace": "REF_CONVERSION_RATES (Forms)",
      "Values": {
        "Information": "6dbf2c0b-2b53-4777-ae84-787650879af0"
      }
    },
    {
      "Kind": "default.cds_cr510_ref_conversion_rate_forms",
      "Namespace": "REF_CONVERSION_RATES_1 (Forms)",
      "Values": {
        "Information": "8bd694ca-39b8-4f76-b83e-7918bd186f2e"
      }
    }
  ]
}