<application xmlns:xml="http://www.w3.org/XML/1998/namespace" xmlns:xs="http://www.w3.org/2001/XMLSchema" xmlns:service="https://unitedstates-002.azure-apim.net/apim/logicflows" xmlns:siena="http://schemas.microsoft.com/MicrosoftProjectSiena/WADL/2014/11" siena:serviceId="CSv_Data_2" xmlns="http://wadl.dev.java.net/2009/02">
  <doc title="CSv_Data_2" />
  <grammars>
    <jsonTypes targetNamespace="https://unitedstates-002.azure-apim.net/apim/logicflows" xmlns="http://schemas.microsoft.com/MicrosoftProjectSiena/WADL/2014/11">
      <string name="ManualTriggerInput_file_def_name_def" />
      <base64Binary name="ManualTriggerInput_file_def_contentBytes_def" />
      <object name="ManualTriggerInput_file_def">
        <property name="name" type="string" />
        <property name="contentBytes" typeRef="ManualTriggerInput_file_def_contentBytes_def" />
      </object>
      <object name="ManualTriggerInput">
        <property name="file" typeRef="ManualTriggerInput_file_def" />
      </object>
      <string name="ResponseActionOutput_fy1_1_def" />
      <string name="ResponseActionOutput_fy1_2_def" />
      <string name="ResponseActionOutput_fy1_3_def" />
      <string name="ResponseActionOutput_fy1_4_def" />
      <string name="ResponseActionOutput_fy1_5_def" />
      <string name="ResponseActionOutput_fy1_6_def" />
      <string name="ResponseActionOutput_fy1_7_def" />
      <string name="ResponseActionOutput_fy1_8_def" />
      <string name="ResponseActionOutput_fy1_9_def" />
      <string name="ResponseActionOutput_fy2_1_def" />
      <string name="ResponseActionOutput_fy2_2_def" />
      <string name="ResponseActionOutput_fy2_3_def" />
      <string name="ResponseActionOutput_fy2_4_def" />
      <string name="ResponseActionOutput_fy2_5_def" />
      <string name="ResponseActionOutput_fy2_6_def" />
      <string name="ResponseActionOutput_fy2_7_def" />
      <string name="ResponseActionOutput_fy2_8_def" />
      <string name="ResponseActionOutput_fy2_9_def" />
      <string name="ResponseActionOutput_fy3_1_def" />
      <string name="ResponseActionOutput_fy3_2_def" />
      <string name="ResponseActionOutput_fy3_3_def" />
      <string name="ResponseActionOutput_fy3_4_def" />
      <string name="ResponseActionOutput_fy3_5_def" />
      <string name="ResponseActionOutput_fy3_6_def" />
      <string name="ResponseActionOutput_fy3_7_def" />
      <string name="ResponseActionOutput_fy3_8_def" />
      <string name="ResponseActionOutput_fy3_9_def" />
      <string name="ResponseActionOutput_fy1_10_def" />
      <string name="ResponseActionOutput_fy2_10_def" />
      <string name="ResponseActionOutput_fy3_10_def" />
      <object name="ResponseActionOutput">
        <property name="fy1_1" type="string" />
        <property name="fy1_2" type="string" />
        <property name="fy1_3" type="string" />
        <property name="fy1_4" type="string" />
        <property name="fy1_5" type="string" />
        <property name="fy1_6" type="string" />
        <property name="fy1_7" type="string" />
        <property name="fy1_8" type="string" />
        <property name="fy1_9" type="string" />
        <property name="fy2_1" type="string" />
        <property name="fy2_2" type="string" />
        <property name="fy2_3" type="string" />
        <property name="fy2_4" type="string" />
        <property name="fy2_5" type="string" />
        <property name="fy2_6" type="string" />
        <property name="fy2_7" type="string" />
        <property name="fy2_8" type="string" />
        <property name="fy2_9" type="string" />
        <property name="fy3_1" type="string" />
        <property name="fy3_2" type="string" />
        <property name="fy3_3" type="string" />
        <property name="fy3_4" type="string" />
        <property name="fy3_5" type="string" />
        <property name="fy3_6" type="string" />
        <property name="fy3_7" type="string" />
        <property name="fy3_8" type="string" />
        <property name="fy3_9" type="string" />
        <property name="fy1_10" type="string" />
        <property name="fy2_10" type="string" />
        <property name="fy3_10" type="string" />
      </object>
      <object name="Run_responses_default_def" />
    </jsonTypes>
  </grammars>
  <resources siena:authenticationProviderHref="#PowerAppAuth" base="https://unitedstates-002.azure-apim.net/apim/logicflows">
    <resource path="/{connectionId}/triggers/manual/run">
      <param style="template" name="connectionId" type="xs:string" required="true" />
      <method siena:requiresAuthentication="true" name="POST" id="Run">
        <doc title="Runs a logic flow trigger." />
        <request>
          <param style="query" name="api-version" type="xs:string" required="true" fixed="2015-02-01-preview">
            <doc title="The api version" />
          </param>
          <representation mediaType="application/json">
            <param style="plain" name="file" path="/file" type="service:ManualTriggerInput_file_def">
              <doc title="CSV_File" />
            </param>
          </representation>
        </request>
        <response>
          <representation mediaType="application/json" element="service:ResponseActionOutput" />
        </response>
      </method>
    </resource>
  </resources>
  <authenticationProviders xmlns="http://schemas.microsoft.com/MicrosoftProjectSiena/WADL/2014/11">
    <connectionProvider id="PowerAppAuth" siena:connectionProviderId="logicflows" />
  </authenticationProviders>
  <template xmlns="http://schemas.microsoft.com/MicrosoftProjectSiena/WADL/2014/11">
    <variable name="connectionId">
      <modifyParams style="template" name="connectionId" attribute="fixed" />
    </variable>
  </template>
</application>