<application xmlns:xml="http://www.w3.org/XML/1998/namespace" xmlns:xs="http://www.w3.org/2001/XMLSchema" xmlns:service="https://unitedstates-002.azure-apim.net/apim/logicflows" xmlns:siena="http://schemas.microsoft.com/MicrosoftProjectSiena/WADL/2014/11" siena:serviceId="Send_mail_submit" xmlns="http://wadl.dev.java.net/2009/02">
  <doc title="Send_mail_submit" />
  <grammars>
    <jsonTypes targetNamespace="https://unitedstates-002.azure-apim.net/apim/logicflows" xmlns="http://schemas.microsoft.com/MicrosoftProjectSiena/WADL/2014/11">
      <string name="ManualTriggerInput_text_def" />
      <string name="ManualTriggerInput_text_1_def" />
      <number name="ManualTriggerInput_number_def" />
      <string name="ManualTriggerInput_text_2_def" />
      <number name="ManualTriggerInput_number_1_def" />
      <number name="ManualTriggerInput_number_2_def" />
      <number name="ManualTriggerInput_number_3_def" />
      <number name="ManualTriggerInput_number_4_def" />
      <number name="ManualTriggerInput_number_5_def" />
      <number name="ManualTriggerInput_number_6_def" />
      <number name="ManualTriggerInput_number_7_def" />
      <object name="ManualTriggerInput">
        <property name="text" type="string" />
        <property name="text_1" type="string" />
        <property name="number" type="number" />
        <property name="text_2" type="string" />
        <property name="number_1" type="number" />
        <property name="number_2" type="number" />
        <property name="number_3" type="number" />
        <property name="number_4" type="number" />
        <property name="number_5" type="number" />
        <property name="number_6" type="number" />
        <property name="number_7" type="number" />
      </object>
    </jsonTypes>
  </grammars>
  <resources siena:authenticationProviderHref="#PowerAppAuth" base="https://unitedstates-002.azure-apim.net/apim/logicflows">
    <resource path="/{connectionId}/triggers/manual/run">
      <param style="template" name="connectionId" type="xs:string" required="true" />
      <method siena:requiresAuthentication="true" name="POST" id="Run">
        <doc title="Runs a logic flow trigger." />
        <request>
          <param style="query" name="api-version" type="xs:string" required="true" fixed="2015-02-01-preview">
            <doc title="The api version" />
          </param>
          <representation mediaType="application/json">
            <param style="plain" name="text" path="/text" type="xs:string" required="true">
              <doc title="PE_REQUEST_ID" />
            </param>
            <param style="plain" name="text_1" path="/text_1" type="xs:string" required="true">
              <doc title="Status" />
            </param>
            <param style="plain" name="number" path="/number" type="xs:double" required="true">
              <doc title="Swiitch_2" />
            </param>
            <param style="plain" name="text_2" path="/text_2" type="xs:string" required="true">
              <doc title="Rejector" />
            </param>
            <param style="plain" name="number_1" path="/number_1" type="xs:double" required="true">
              <doc title="var_pricing_backgroung_cmt" />
            </param>
            <param style="plain" name="number_2" path="/number_2" type="xs:double" required="true">
              <doc title="var_background_cmt" />
            </param>
            <param style="plain" name="number_3" path="/number_3" type="xs:double" required="true">
              <doc title="var_risks_opp_cmt" />
            </param>
            <param style="plain" name="number_4" path="/number_4" type="xs:double" required="true">
              <doc title="var_price_details_cmt" />
            </param>
            <param style="plain" name="number_5" path="/number_5" type="xs:double" required="true">
              <doc title="var_financials_cmt" />
            </param>
            <param style="plain" name="number_6" path="/number_6" type="xs:double" required="true">
              <doc title="var_additional_cmt" />
            </param>
            <param style="plain" name="number_7" path="/number_7" type="xs:double" required="true">
              <doc title="var_approval_cmt" />
            </param>
          </representation>
        </request>
      </method>
    </resource>
  </resources>
  <authenticationProviders xmlns="http://schemas.microsoft.com/MicrosoftProjectSiena/WADL/2014/11">
    <connectionProvider id="PowerAppAuth" siena:connectionProviderId="logicflows" />
  </authenticationProviders>
  <template xmlns="http://schemas.microsoft.com/MicrosoftProjectSiena/WADL/2014/11">
    <variable name="connectionId">
      <modifyParams style="template" name="connectionId" attribute="fixed" />
    </variable>
  </template>
</application>