[
  {
    "CdsFCBContext": "{\"FileType\":true,\"ImageExternalStorage\":true}",
    "EntitySetName": "cr510_additional_informations",
    "IsHidden": false,
    "IsSampleData": false,
    "IsWritable": true,
    "LogicalName": "cr510_additional_information",
    "MaxGetRowsCount": 500,
    "Name": "Additional_informations",
    "NativeCDSDataSourceInfoNameMapping": {
      "_ownerid_value": "Owner",
      "cr510_add_ba_id": "ADD_BA_ID",
      "cr510_add_info_id": "ADD_INFO_ID",
      "cr510_additional_information_AsyncOperations": "System Jobs",
      "cr510_additional_information_BulkDeleteFailures": "Bulk Delete Failures",
      "cr510_additional_information_MailboxTrackingFolders": "Mailbox Auto Tracking Folders",
      "cr510_additional_information_PrincipalObjectAttributeAccesses": "Field Sharing",
      "cr510_additional_information_ProcessSession": "Process Sessions",
      "cr510_additional_information_SyncErrors": "Sync Errors",
      "cr510_additional_informationid": "Additional_information",
      "cr510_approval_status": "APPROVAL_STATUS",
      "cr510_date": "DATE",
      "cr510_email": "EMAIL",
      "cr510_haveyouconfirmedsupplyavailability": "Have you confirmed supply availability?",
      "cr510_name": "NAME",
      "cr510_pe_request_id": "PE_REQUEST_ID",
      "cr510_proposalreviewedbylocallegalteam": "Proposal reviewed by local legal team?",
      "createdby": "Created By",
      "createdon": "Created On",
      "createdonbehalfby": "Created By (Delegate)",
      "importsequencenumber": "Import Sequence Number",
      "modifiedby": "Modified By",
      "modifiedon": "Modified On",
      "modifiedonbehalfby": "Modified By (Delegate)",
      "overriddencreatedon": "Record Created On",
      "owningbusinessunit": "Owning Business Unit",
      "owningteam": "Owning Team",
      "owninguser": "Owning User",
      "statecode": "Status",
      "statuscode": "Status Reason",
      "timezoneruleversionnumber": "Time Zone Rule Version Number",
      "utcconversiontimezonecode": "UTC Conversion Time Zone Code",
      "versionnumber": "Version Number"
    },
    "PreferredName": "Additional_informations",
    "Type": "NativeCDSDataSourceInfo"
  },
  {
    "DisplayName": "Additional_informations (Views)",
    "Name": "_cr510_additional_information_views",
    "RelatedEntityName": "Additional_informations",
    "TrimmedViewName": true,
    "Type": "ViewInfo",
    "ViewInfoNameMapping": {
      "01b9f1e0-fcce-4a49-ab16-e235d93d4fd3": "Additional_information Associated View",
      "35a832d6-8095-4c64-ab46-355b2864d5e9": "Additional_information Advanced Find View",
      "a3a35b4e-06ad-4036-ad44-de005145b45f": "Active Additional_informations",
      "b22d5df4-a8ca-4e7d-b9a4-f40bc29c3fe8": "Additional_information Lookup View",
      "de6766e8-6664-4e1d-84e8-fb67e0083268": "Inactive Additional_informations"
    }
  },
  {
    "DisplayName": "Status (Additional_informations)",
    "Name": "cr510_additional_information_statecode",
    "OptionSetInfoNameMapping": {
      "0": "Active",
      "1": "Inactive"
    },
    "OptionSetIsBooleanValued": false,
    "OptionSetIsGlobal": false,
    "OptionSetReference": {
      "OptionSetReferenceItem0": {
        "OptionSetReferenceColumnName": "statecode",
        "OptionSetReferenceEntityName": "Additional_informations"
      }
    },
    "OptionSetTypeKey": "StateType",
    "RelatedColumnInvariantName": "statecode",
    "RelatedEntityName": "Additional_informations",
    "Type": "OptionSetInfo"
  },
  {
    "DisplayName": "Status Reason (Additional_informations)",
    "Name": "cr510_additional_information_statuscode",
    "OptionSetInfoNameMapping": {
      "1": "Active",
      "2": "Inactive"
    },
    "OptionSetIsBooleanValued": false,
    "OptionSetIsGlobal": false,
    "OptionSetReference": {
      "OptionSetReferenceItem0": {
        "OptionSetReferenceColumnName": "statuscode",
        "OptionSetReferenceEntityName": "Additional_informations"
      }
    },
    "OptionSetTypeKey": "StatusType",
    "RelatedColumnInvariantName": "statuscode",
    "RelatedEntityName": "Additional_informations",
    "Type": "OptionSetInfo"
  }
]