[
  {
    "CdsFCBContext": "{\"FileType\":true,\"ImageExternalStorage\":true}",
    "EntitySetName": "cr510_country_user_mappings",
    "IsHidden": false,
    "IsSampleData": false,
    "IsWritable": true,
    "LogicalName": "cr510_country_user_mapping",
    "MaxGetRowsCount": 500,
    "Name": "Country_User_Mappings",
    "NativeCDSDataSourceInfoNameMapping": {
      "_ownerid_value": "Owner",
      "cr510_country": "Country",
      "cr510_country_user_mapping_AsyncOperations": "System Jobs",
      "cr510_country_user_mapping_BulkDeleteFailures": "Bulk Delete Failures",
      "cr510_country_user_mapping_MailboxTrackingFolders": "Mailbox Auto Tracking Folders",
      "cr510_country_user_mapping_PrincipalObjectAttributeAccesses": "Field Sharing",
      "cr510_country_user_mapping_ProcessSession": "Process Sessions",
      "cr510_country_user_mapping_SyncErrors": "Sync Errors",
      "cr510_country_user_mappingid": "Country_User_Mapping",
      "cr510_email": "Email",
      "cr510_user": "User",
      "createdby": "Created By",
      "createdon": "Created On",
      "createdonbehalfby": "Created By (Delegate)",
      "importsequencenumber": "Import Sequence Number",
      "modifiedby": "Modified By",
      "modifiedon": "Modified On",
      "modifiedonbehalfby": "Modified By (Delegate)",
      "overriddencreatedon": "Record Created On",
      "owningbusinessunit": "Owning Business Unit",
      "owningteam": "Owning Team",
      "owninguser": "Owning User",
      "statecode": "Status",
      "statuscode": "Status Reason",
      "timezoneruleversionnumber": "Time Zone Rule Version Number",
      "utcconversiontimezonecode": "UTC Conversion Time Zone Code",
      "versionnumber": "Version Number"
    },
    "PreferredName": "Country_User_Mappings",
    "Type": "NativeCDSDataSourceInfo"
  },
  {
    "DisplayName": "Country_User_Mappings (Views)",
    "Name": "_cr510_country_user_mapping_views",
    "RelatedEntityName": "Country_User_Mappings",
    "TrimmedViewName": true,
    "Type": "ViewInfo",
    "ViewInfoNameMapping": {
      "24a51f25-6dc7-4ad9-8779-8912abdbe8d8": "Country_User_Mapping Advanced Find View",
      "3eea49a3-0ce0-43f9-9b59-7d7fecd4942f": "Inactive Country_User_Mappings",
      "6f620129-64de-422c-afab-d069f07b6a7d": "Active Country_User_Mappings",
      "bb60e052-7124-4114-9022-28c7851080c4": "Country_User_Mapping Lookup View",
      "c9e48319-08b0-4ab1-9d9f-dbf8e9a23ca9": "Country_User_Mapping Associated View"
    }
  },
  {
    "DisplayName": "Status (Country_User_Mappings)",
    "Name": "cr510_country_user_mapping_statecode",
    "OptionSetInfoNameMapping": {
      "0": "Active",
      "1": "Inactive"
    },
    "OptionSetIsBooleanValued": false,
    "OptionSetIsGlobal": false,
    "OptionSetReference": {
      "OptionSetReferenceItem0": {
        "OptionSetReferenceColumnName": "statecode",
        "OptionSetReferenceEntityName": "Country_User_Mappings"
      }
    },
    "OptionSetTypeKey": "StateType",
    "RelatedColumnInvariantName": "statecode",
    "RelatedEntityName": "Country_User_Mappings",
    "Type": "OptionSetInfo"
  },
  {
    "DisplayName": "Status Reason (Country_User_Mappings)",
    "Name": "cr510_country_user_mapping_statuscode",
    "OptionSetInfoNameMapping": {
      "1": "Active",
      "2": "Inactive"
    },
    "OptionSetIsBooleanValued": false,
    "OptionSetIsGlobal": false,
    "OptionSetReference": {
      "OptionSetReferenceItem0": {
        "OptionSetReferenceColumnName": "statuscode",
        "OptionSetReferenceEntityName": "Country_User_Mappings"
      }
    },
    "OptionSetTypeKey": "StatusType",
    "RelatedColumnInvariantName": "statuscode",
    "RelatedEntityName": "Country_User_Mappings",
    "Type": "OptionSetInfo"
  }
]