[
  {
    "CdsFCBContext": "{\"FileType\":true,\"ImageExternalStorage\":true}",
    "EntitySetName": "cr510_country_product_presentationses",
    "IsHidden": false,
    "IsSampleData": false,
    "IsWritable": true,
    "LogicalName": "cr510_country_product_presentations",
    "MaxGetRowsCount": 500,
    "Name": "COUNTRY_PRODUCT_PRESENTATIONS",
    "NativeCDSDataSourceInfoNameMapping": {
      "_ownerid_value": "Owner",
      "cr510_country_name": "COUNTRY_NAME",
      "cr510_country_product_presentations_AsyncOperations": "System Jobs",
      "cr510_country_product_presentations_BulkDeleteFailures": "Bulk Delete Failures",
      "cr510_country_product_presentations_MailboxTrackingFolders": "Mailbox Auto Tracking Folders",
      "cr510_country_product_presentations_PrincipalObjectAttributeAccesses": "Field Sharing",
      "cr510_country_product_presentations_ProcessSession": "Process Sessions",
      "cr510_country_product_presentations_SyncErrors": "Sync Errors",
      "cr510_country_product_presentationsid": "COUNTRY_PRODUCT_PRESENTATIONS",
      "cr510_cpp_id": "CPP_ID",
      "cr510_effective_end_date": "EFFECTIVE_END_DATE",
      "cr510_effective_start_date": "EFFECTIVE_START_DATE",
      "cr510_is_active": "IS_ACTIVE",
      "cr510_listprice": "LIST_PRICE",
      "cr510_net_price": "NET_PRICE",
      "cr510_presentation_name": "PRESENTATION_NAME",
      "cr510_product_name": "PRODUCT_NAME",
      "createdby": "Created By",
      "createdon": "Created On",
      "createdonbehalfby": "Created By (Delegate)",
      "importsequencenumber": "Import Sequence Number",
      "modifiedby": "Modified By",
      "modifiedon": "Modified On",
      "modifiedonbehalfby": "Modified By (Delegate)",
      "overriddencreatedon": "Record Created On",
      "owningbusinessunit": "Owning Business Unit",
      "owningteam": "Owning Team",
      "owninguser": "Owning User",
      "statecode": "Status",
      "statuscode": "Status Reason",
      "timezoneruleversionnumber": "Time Zone Rule Version Number",
      "utcconversiontimezonecode": "UTC Conversion Time Zone Code",
      "versionnumber": "Version Number"
    },
    "PreferredName": "COUNTRY_PRODUCT_PRESENTATIONS",
    "Type": "NativeCDSDataSourceInfo"
  },
  {
    "DisplayName": "COUNTRY_PRODUCT_PRESENTATIONS (Views)",
    "Name": "_cr510_country_product_presentations_views",
    "RelatedEntityName": "COUNTRY_PRODUCT_PRESENTATIONS",
    "TrimmedViewName": true,
    "Type": "ViewInfo",
    "ViewInfoNameMapping": {
      "0605d2c0-5a22-4f0d-9bd4-40baf925ec32": "Inactive COUNTRY_PRODUCT_PRESENTATIONS",
      "688b3c62-f558-4a49-a7b8-61ed7d806e7b": "COUNTRY_PRODUCT_PRESENTATIONS Lookup View",
      "6b581f4e-0f63-41d6-8c9d-80895ee28ec6": "COUNTRY_PRODUCT_PRESENTATIONS Associated View",
      "91a6bbe2-3f85-48af-b0cf-4ee59037ba0d": "Active COUNTRY_PRODUCT_PRESENTATIONS",
      "e9a292e4-16e0-48b6-83f9-497d954193f4": "COUNTRY_PRODUCT_PRESENTATIONS Advanced Find View"
    }
  },
  {
    "DisplayName": "Status (COUNTRY_PRODUCT_PRESENTATIONS)",
    "Name": "cr510_country_product_presentations_statecode",
    "OptionSetInfoNameMapping": {
      "0": "Active",
      "1": "Inactive"
    },
    "OptionSetIsBooleanValued": false,
    "OptionSetIsGlobal": false,
    "OptionSetReference": {
      "OptionSetReferenceItem0": {
        "OptionSetReferenceColumnName": "statecode",
        "OptionSetReferenceEntityName": "COUNTRY_PRODUCT_PRESENTATIONS"
      }
    },
    "OptionSetTypeKey": "StateType",
    "RelatedColumnInvariantName": "statecode",
    "RelatedEntityName": "COUNTRY_PRODUCT_PRESENTATIONS",
    "Type": "OptionSetInfo"
  },
  {
    "DisplayName": "Status Reason (COUNTRY_PRODUCT_PRESENTATIONS)",
    "Name": "cr510_country_product_presentations_statuscode",
    "OptionSetInfoNameMapping": {
      "1": "Active",
      "2": "Inactive"
    },
    "OptionSetIsBooleanValued": false,
    "OptionSetIsGlobal": false,
    "OptionSetReference": {
      "OptionSetReferenceItem0": {
        "OptionSetReferenceColumnName": "statuscode",
        "OptionSetReferenceEntityName": "COUNTRY_PRODUCT_PRESENTATIONS"
      }
    },
    "OptionSetTypeKey": "StatusType",
    "RelatedColumnInvariantName": "statuscode",
    "RelatedEntityName": "COUNTRY_PRODUCT_PRESENTATIONS",
    "Type": "OptionSetInfo"
  }
]