[
  {
    "CdsFCBContext": "{\"FileType\":true,\"ImageExternalStorage\":true}",
    "EntitySetName": "cr510_currency_values",
    "IsHidden": false,
    "IsSampleData": false,
    "IsWritable": true,
    "LogicalName": "cr510_currency_value",
    "MaxGetRowsCount": 500,
    "Name": "CURRENCY_VALUES",
    "NativeCDSDataSourceInfoNameMapping": {
      "_ownerid_value": "Owner",
      "cr42e_currency_symbol": "CURRENCY_SYMBOL",
      "cr510_curr_id": "CURR_ID",
      "cr510_currency_country": "CURRENCY_COUNTRY",
      "cr510_currency_name": "CURRENCY_NAME",
      "cr510_currency_short_form": "CURRENCY_SHORT_FORM",
      "cr510_currency_value_AsyncOperations": "System Jobs",
      "cr510_currency_value_BulkDeleteFailures": "Bulk Delete Failures",
      "cr510_currency_value_MailboxTrackingFolders": "Mailbox Auto Tracking Folders",
      "cr510_currency_value_PrincipalObjectAttributeAccesses": "Field Sharing",
      "cr510_currency_value_ProcessSession": "Process Sessions",
      "cr510_currency_value_SyncErrors": "Sync Errors",
      "cr510_currency_valueid": "CURRENCY_VALUE",
      "cr510_effective_end_date": "EFFECTIVE_END_DATE",
      "cr510_effective_start_date": "EFFECTIVE_START_DATE",
      "cr510_exchange_rate_euro": "EXCHANGE_RATE_EURO",
      "cr510_exchange_rate_jpy": "EXCHANGE_RATE_JPY",
      "cr510_exchange_rate_usd": "EXCHANGE_RATE_USD",
      "cr510_is_active": "IS_ACTIVE",
      "cr510_tier": "TIER",
      "createdby": "Created By",
      "createdon": "Created On",
      "createdonbehalfby": "Created By (Delegate)",
      "importsequencenumber": "Import Sequence Number",
      "modifiedby": "Modified By",
      "modifiedon": "Modified On",
      "modifiedonbehalfby": "Modified By (Delegate)",
      "overriddencreatedon": "Record Created On",
      "owningbusinessunit": "Owning Business Unit",
      "owningteam": "Owning Team",
      "owninguser": "Owning User",
      "statecode": "Status",
      "statuscode": "Status Reason",
      "timezoneruleversionnumber": "Time Zone Rule Version Number",
      "utcconversiontimezonecode": "UTC Conversion Time Zone Code",
      "versionnumber": "Version Number"
    },
    "PreferredName": "CURRENCY_VALUES",
    "Type": "NativeCDSDataSourceInfo"
  },
  {
    "DisplayName": "CURRENCY_VALUES (Views)",
    "Name": "_cr510_currency_value_views",
    "RelatedEntityName": "CURRENCY_VALUES",
    "TrimmedViewName": true,
    "Type": "ViewInfo",
    "ViewInfoNameMapping": {
      "282c169e-6801-45a9-bb36-720516f494e1": "CURRENCY_VALUE Associated View",
      "66e2d4c9-2998-4711-95d8-929542fe757b": "CURRENCY_VALUE Advanced Find View",
      "697a982d-21cf-416a-82c2-cef09512a1c2": "Active CURRENCY_VALUES",
      "87b7e4a6-843a-43fb-96af-2b6931cc3f9f": "CURRENCY_VALUE Lookup View",
      "a4725b84-4f48-40ed-a163-273ae19c4a40": "Inactive CURRENCY_VALUES"
    }
  },
  {
    "DisplayName": "Status (CURRENCY_VALUES)",
    "Name": "cr510_currency_value_statecode",
    "OptionSetInfoNameMapping": {
      "0": "Active",
      "1": "Inactive"
    },
    "OptionSetIsBooleanValued": false,
    "OptionSetIsGlobal": false,
    "OptionSetReference": {
      "OptionSetReferenceItem0": {
        "OptionSetReferenceColumnName": "statecode",
        "OptionSetReferenceEntityName": "CURRENCY_VALUES"
      }
    },
    "OptionSetTypeKey": "StateType",
    "RelatedColumnInvariantName": "statecode",
    "RelatedEntityName": "CURRENCY_VALUES",
    "Type": "OptionSetInfo"
  },
  {
    "DisplayName": "Status Reason (CURRENCY_VALUES)",
    "Name": "cr510_currency_value_statuscode",
    "OptionSetInfoNameMapping": {
      "1": "Active",
      "2": "Inactive"
    },
    "OptionSetIsBooleanValued": false,
    "OptionSetIsGlobal": false,
    "OptionSetReference": {
      "OptionSetReferenceItem0": {
        "OptionSetReferenceColumnName": "statuscode",
        "OptionSetReferenceEntityName": "CURRENCY_VALUES"
      }
    },
    "OptionSetTypeKey": "StatusType",
    "RelatedColumnInvariantName": "statuscode",
    "RelatedEntityName": "CURRENCY_VALUES",
    "Type": "OptionSetInfo"
  }
]