[
  {
    "CdsFCBContext": "{\"FileType\":true,\"ImageExternalStorage\":true}",
    "EntitySetName": "cr510_financials_data_tables",
    "IsHidden": false,
    "IsSampleData": false,
    "IsWritable": true,
    "LogicalName": "cr510_financials_data_table",
    "MaxGetRowsCount": 500,
    "Name": "FINANCIALS_DATA_TABLES",
    "NativeCDSDataSourceInfoNameMapping": {
      "_ownerid_value": "Owner",
      "cr510_financial_year_1": "FINANCIAL_YEAR_1",
      "cr510_financial_year_2": "FINANCIAL_YEAR_2",
      "cr510_financial_year_3": "FINANCIAL_YEAR_3",
      "cr510_financials_data_table_AsyncOperations": "System Jobs",
      "cr510_financials_data_table_BulkDeleteFailures": "Bulk Delete Failures",
      "cr510_financials_data_table_MailboxTrackingFolders": "Mailbox Auto Tracking Folders",
      "cr510_financials_data_table_PrincipalObjectAttributeAccesses": "Field Sharing",
      "cr510_financials_data_table_ProcessSession": "Process Sessions",
      "cr510_financials_data_table_SyncErrors": "Sync Errors",
      "cr510_financials_data_tableid": "FINANCIALS_DATA_TABLE",
      "cr510_financials_id": "FINANCIALS_ID",
      "cr510_financials_kpi_id": "FINANCIALS_KPI_ID",
      "cr510_pe_request_id": "PE_REQUEST_ID",
      "createdby": "Created By",
      "createdon": "Created On",
      "createdonbehalfby": "Created By (Delegate)",
      "importsequencenumber": "Import Sequence Number",
      "modifiedby": "Modified By",
      "modifiedon": "Modified On",
      "modifiedonbehalfby": "Modified By (Delegate)",
      "overriddencreatedon": "Record Created On",
      "owningbusinessunit": "Owning Business Unit",
      "owningteam": "Owning Team",
      "owninguser": "Owning User",
      "statecode": "Status",
      "statuscode": "Status Reason",
      "timezoneruleversionnumber": "Time Zone Rule Version Number",
      "utcconversiontimezonecode": "UTC Conversion Time Zone Code",
      "versionnumber": "Version Number"
    },
    "PreferredName": "FINANCIALS_DATA_TABLES",
    "Type": "NativeCDSDataSourceInfo"
  },
  {
    "DisplayName": "FINANCIALS_DATA_TABLES (Views)",
    "Name": "_cr510_financials_data_table_views",
    "RelatedEntityName": "FINANCIALS_DATA_TABLES",
    "TrimmedViewName": true,
    "Type": "ViewInfo",
    "ViewInfoNameMapping": {
      "102d6366-b5b7-4c0a-9894-e1d5b33a5f9b": "Inactive FINANCIALS_DATA_TABLES",
      "9362ab6d-c507-4e62-aa29-7202fc2115ce": "Active FINANCIALS_DATA_TABLES",
      "9a414a06-714a-4c22-8c7c-0e8a4e84d4cb": "FINANCIALS_DATA_TABLE Associated View",
      "bddf67f1-05ff-4811-9451-e0b63ca3ade6": "FINANCIALS_DATA_TABLE Lookup View",
      "d7f1e860-d39c-4551-82cb-69dd1b6d0f42": "FINANCIALS_DATA_TABLE Advanced Find View"
    }
  },
  {
    "DisplayName": "Status (FINANCIALS_DATA_TABLES)",
    "Name": "cr510_financials_data_table_statecode",
    "OptionSetInfoNameMapping": {
      "0": "Active",
      "1": "Inactive"
    },
    "OptionSetIsBooleanValued": false,
    "OptionSetIsGlobal": false,
    "OptionSetReference": {
      "OptionSetReferenceItem0": {
        "OptionSetReferenceColumnName": "statecode",
        "OptionSetReferenceEntityName": "FINANCIALS_DATA_TABLES"
      }
    },
    "OptionSetTypeKey": "StateType",
    "RelatedColumnInvariantName": "statecode",
    "RelatedEntityName": "FINANCIALS_DATA_TABLES",
    "Type": "OptionSetInfo"
  },
  {
    "DisplayName": "Status Reason (FINANCIALS_DATA_TABLES)",
    "Name": "cr510_financials_data_table_statuscode",
    "OptionSetInfoNameMapping": {
      "1": "Active",
      "2": "Inactive"
    },
    "OptionSetIsBooleanValued": false,
    "OptionSetIsGlobal": false,
    "OptionSetReference": {
      "OptionSetReferenceItem0": {
        "OptionSetReferenceColumnName": "statuscode",
        "OptionSetReferenceEntityName": "FINANCIALS_DATA_TABLES"
      }
    },
    "OptionSetTypeKey": "StatusType",
    "RelatedColumnInvariantName": "statuscode",
    "RelatedEntityName": "FINANCIALS_DATA_TABLES",
    "Type": "OptionSetInfo"
  }
]