[
  {
    "CdsFCBContext": "{\"FileType\":true,\"ImageExternalStorage\":true}",
    "EntitySetName": "cr510_payers",
    "IsHidden": false,
    "IsSampleData": false,
    "IsWritable": true,
    "LogicalName": "cr510_payer",
    "MaxGetRowsCount": 500,
    "Name": "Payers",
    "NativeCDSDataSourceInfoNameMapping": {
      "_ownerid_value": "Owner",
      "cr510_payer_AsyncOperations": "System Jobs",
      "cr510_payer_BulkDeleteFailures": "Bulk Delete Failures",
      "cr510_payer_DuplicateBaseRecord": "Duplicate Records (cr510_payer_DuplicateBaseRecord)",
      "cr510_payer_DuplicateMatchingRecord": "Duplicate Records (cr510_payer_DuplicateMatchingRecord)",
      "cr510_payer_id": "Payer_ID",
      "cr510_payer_MailboxTrackingFolders": "Mailbox Auto Tracking Folders",
      "cr510_payer_PrincipalObjectAttributeAccesses": "Field Sharing",
      "cr510_payer_ProcessSession": "Process Sessions",
      "cr510_payer_SyncErrors": "Sync Errors",
      "cr510_payerchannel": "PayerChannel",
      "cr510_payerid": "Payer",
      "createdby": "Created By",
      "createdon": "Created On",
      "createdonbehalfby": "Created By (Delegate)",
      "importsequencenumber": "Import Sequence Number",
      "modifiedby": "Modified By",
      "modifiedon": "Modified On",
      "modifiedonbehalfby": "Modified By (Delegate)",
      "overriddencreatedon": "Record Created On",
      "owningbusinessunit": "Owning Business Unit",
      "owningteam": "Owning Team",
      "owninguser": "Owning User",
      "statecode": "Status",
      "statuscode": "Status Reason",
      "timezoneruleversionnumber": "Time Zone Rule Version Number",
      "utcconversiontimezonecode": "UTC Conversion Time Zone Code",
      "versionnumber": "Version Number"
    },
    "PreferredName": "Payers",
    "Type": "NativeCDSDataSourceInfo"
  },
  {
    "DisplayName": "Payers (Views)",
    "Name": "_cr510_payer_views",
    "RelatedEntityName": "Payers",
    "TrimmedViewName": true,
    "Type": "ViewInfo",
    "ViewInfoNameMapping": {
      "0aa82808-c38a-43b6-9251-a8cb6b858746": "Payer Associated View",
      "5dee293c-4c49-417c-9a3a-f2a7a4eac469": "Active Payers",
      "b3049e00-91ee-4a0d-9a1d-b7bf4bd7a083": "Payer Advanced Find View",
      "e4c8c074-6a79-481d-b8d5-0fb5b80ff52d": "Payer Lookup View",
      "e51f7acd-51c6-42b0-9a2b-052bad0a7dee": "Inactive Payers"
    }
  },
  {
    "DisplayName": "Status (Payers)",
    "Name": "cr510_payer_statecode",
    "OptionSetInfoNameMapping": {
      "0": "Active",
      "1": "Inactive"
    },
    "OptionSetIsBooleanValued": false,
    "OptionSetIsGlobal": false,
    "OptionSetReference": {
      "OptionSetReferenceItem0": {
        "OptionSetReferenceColumnName": "statecode",
        "OptionSetReferenceEntityName": "Payers"
      }
    },
    "OptionSetTypeKey": "StateType",
    "RelatedColumnInvariantName": "statecode",
    "RelatedEntityName": "Payers",
    "Type": "OptionSetInfo"
  },
  {
    "DisplayName": "Status Reason (Payers)",
    "Name": "cr510_payer_statuscode",
    "OptionSetInfoNameMapping": {
      "1": "Active",
      "2": "Inactive"
    },
    "OptionSetIsBooleanValued": false,
    "OptionSetIsGlobal": false,
    "OptionSetReference": {
      "OptionSetReferenceItem0": {
        "OptionSetReferenceColumnName": "statuscode",
        "OptionSetReferenceEntityName": "Payers"
      }
    },
    "OptionSetTypeKey": "StatusType",
    "RelatedColumnInvariantName": "statuscode",
    "RelatedEntityName": "Payers",
    "Type": "OptionSetInfo"
  }
]