[
  {
    "CdsFCBContext": "{\"FileType\":true,\"ImageExternalStorage\":true}",
    "EntitySetName": "cr510_business_cases",
    "IsHidden": false,
    "IsSampleData": false,
    "IsWritable": true,
    "LogicalName": "cr510_business_case",
    "MaxGetRowsCount": 500,
    "Name": "PEA_BUSINESS_CASES",
    "NativeCDSDataSourceInfoNameMapping": {
      "_ownerid_value": "Owner",
      "cr42e_potential_risk_when_not_approved": "POTENTIAL_RISK_WHEN_NOT_APPROVED",
      "cr510_additional_comments": "ADDITIONAL_COMMENTS",
      "cr510_approval_counter": "APPROVAL_COUNTER",
      "cr510_assumption_opportunities_vs_mrp_myc": "ASSUMPTION_OPPORTUNITIES_VS_MRP_MYC",
      "cr510_base_case_price_and_revenue_scenario": "BASE_CASE_PRICE_AND_REVENUE_SCENARIO",
      "cr510_best_case_price_and_revenue_scenario": "BEST_CASE_PRICE_AND_REVENUE_SCENARIO",
      "cr510_business_case_AsyncOperations": "System Jobs",
      "cr510_business_case_BulkDeleteFailures": "Bulk Delete Failures",
      "cr510_business_case_MailboxTrackingFolders": "Mailbox Auto Tracking Folders",
      "cr510_business_case_PrincipalObjectAttributeAccesses": "Field Sharing",
      "cr510_business_case_ProcessSession": "Process Sessions",
      "cr510_business_case_SyncErrors": "Sync Errors",
      "cr510_business_caseid": "Business_Case",
      "cr510_competitive_environment": "COMPETITIVE_ENVIRONMENT",
      "cr510_country_name": "COUNTRY_NAME",
      "cr510_deadline_for_approval": "DEADLINE_FOR_APPROVAL",
      "cr510_effective_date_of_new_price": "EFFECTIVE_DATE_OF_NEW_PRICE",
      "cr510_external_risks": "EXTERNAL_RISKS",
      "cr510_historical_context_pricing": "HISTORICAL_CONTEXT_PRICING",
      "cr510_indication": "IS_ACTIVE",
      "cr510_indications": "INDICATIONS",
      "cr510_mitigation_acitons_for_risk": "MITIGATION_ACITONS_FOR_RISK",
      "cr510_opening_offer": "OPENING_OFFER",
      "cr510_payer_name": "PAYER_NAME",
      "cr510_pe_request_id": "PE_REQUEST_ID",
      "cr510_potential_risk": "POTENTIAL_RISK",
      "cr510_presentation_name": "PRESENTATION_NAME",
      "cr510_price_change_need": "PRICE_CHANGE_NEED",
      "cr510_process_of_price_negotiation": "PROCESS_OF_PRICE_NEGOTIATION",
      "cr510_product_name": "PRODUCT_NAME",
      "cr510_rational_for_price_request": "RATIONAL_FOR_PRICE_REQUEST",
      "cr510_status": "STATUS",
      "cr510_type_of_request": "TYPE_OF_REQUEST",
      "cr510_upside_opportunities": "UPSIDE_OPPORTUNITIES",
      "cr510_walkaway_scenario": "WALKAWAY_SCENARIO",
      "createdby": "Created By",
      "createdon": "Created On",
      "createdonbehalfby": "Created By (Delegate)",
      "importsequencenumber": "Import Sequence Number",
      "modifiedby": "Modified By",
      "modifiedon": "Modified On",
      "modifiedonbehalfby": "Modified By (Delegate)",
      "overriddencreatedon": "Record Created On",
      "owningbusinessunit": "Owning Business Unit",
      "owningteam": "Owning Team",
      "owninguser": "Owning User",
      "statecode": "Status",
      "statuscode": "Status Reason",
      "timezoneruleversionnumber": "Time Zone Rule Version Number",
      "utcconversiontimezonecode": "UTC Conversion Time Zone Code",
      "versionnumber": "Version Number"
    },
    "PreferredName": "PEA_BUSINESS_CASES",
    "Type": "NativeCDSDataSourceInfo"
  },
  {
    "DisplayName": "PEA_BUSINESS_CASES (Views)",
    "Name": "_cr510_business_case_views",
    "RelatedEntityName": "PEA_BUSINESS_CASES",
    "TrimmedViewName": true,
    "Type": "ViewInfo",
    "ViewInfoNameMapping": {
      "111778ee-97b7-407c-92de-4f0910d89a61": "Active Business_Cases",
      "52b755ef-e24e-46c3-b664-c5ad7d12a409": "Business_Case Associated View",
      "60b12286-5bd2-4c2f-9e86-2f5a495ddfe2": "Inactive Business_Cases",
      "b4007977-8e36-4572-bda4-d79901450127": "Business_Case Advanced Find View",
      "b44d7c30-7368-4be8-83d8-55f77cbd1a9a": "Business_Case Lookup View"
    }
  },
  {
    "DisplayName": "Status (PEA_BUSINESS_CASES)",
    "Name": "cr510_business_case_statecode",
    "OptionSetInfoNameMapping": {
      "0": "Active",
      "1": "Inactive"
    },
    "OptionSetIsBooleanValued": false,
    "OptionSetIsGlobal": false,
    "OptionSetReference": {
      "OptionSetReferenceItem0": {
        "OptionSetReferenceColumnName": "statecode",
        "OptionSetReferenceEntityName": "PEA_BUSINESS_CASES"
      }
    },
    "OptionSetTypeKey": "StateType",
    "RelatedColumnInvariantName": "statecode",
    "RelatedEntityName": "PEA_BUSINESS_CASES",
    "Type": "OptionSetInfo"
  },
  {
    "DisplayName": "Status Reason (PEA_BUSINESS_CASES)",
    "Name": "cr510_business_case_statuscode",
    "OptionSetInfoNameMapping": {
      "1": "Active",
      "2": "Inactive"
    },
    "OptionSetIsBooleanValued": false,
    "OptionSetIsGlobal": false,
    "OptionSetReference": {
      "OptionSetReferenceItem0": {
        "OptionSetReferenceColumnName": "statuscode",
        "OptionSetReferenceEntityName": "PEA_BUSINESS_CASES"
      }
    },
    "OptionSetTypeKey": "StatusType",
    "RelatedColumnInvariantName": "statuscode",
    "RelatedEntityName": "PEA_BUSINESS_CASES",
    "Type": "OptionSetInfo"
  }
]