[
  {
    "CdsFCBContext": "{\"FileType\":true,\"ImageExternalStorage\":true}",
    "EntitySetName": "cr510_pricing_proposals",
    "IsHidden": false,
    "IsSampleData": false,
    "IsWritable": true,
    "LogicalName": "cr510_pricing_proposal",
    "MaxGetRowsCount": 500,
    "Name": "Pricing_proposals",
    "NativeCDSDataSourceInfoNameMapping": {
      "_ownerid_value": "Owner",
      "cr42e_lnp_delta": "LNP_DELTA%",
      "cr510_avg_sp_delta": "Avg_SP_DELTA%",
      "cr510_currency": "CURRENCY",
      "cr510_current_avg_sp": "Current_avg_sp",
      "cr510_current_avg_sp_visible": "Current_avg_sp_visible",
      "cr510_current_lnp": "Current_LNP",
      "cr510_current_lnp_visible": "Current_LNP_visible",
      "cr510_current_lvl_price": "Current_LVL_Price",
      "cr510_current_lvl_price_visible": "Current_lvl_price_visible",
      "cr510_lvl_price_delta": "LVL_Price_Delta%",
      "cr510_pe_request_id": "PE_REQUEST_ID",
      "cr510_presentation": "Presentation",
      "cr510_price_type": "Price_type",
      "cr510_pricing_id": "PRICING_ID",
      "cr510_pricing_proposal_AsyncOperations": "System Jobs",
      "cr510_pricing_proposal_BulkDeleteFailures": "Bulk Delete Failures",
      "cr510_pricing_proposal_MailboxTrackingFolders": "Mailbox Auto Tracking Folders",
      "cr510_pricing_proposal_PrincipalObjectAttributeAccesses": "Field Sharing",
      "cr510_pricing_proposal_ProcessSession": "Process Sessions",
      "cr510_pricing_proposal_SyncErrors": "Sync Errors",
      "cr510_pricing_proposalid": "Pricing_proposal",
      "cr510_proposed_avg_sp": "Proposed_avg_sp",
      "cr510_proposed_avg_sp_visible": "Proposed_avg_sp_visible",
      "cr510_proposed_lnp": "Proposed_LNP",
      "cr510_proposed_lnp_visible": "Proposed_LNP_visible",
      "cr510_proposed_lvl_price": "Proposed_LVL_Price",
      "cr510_proposed_lvl_price_visible": "Proposed_lvl_price_visible",
      "cr510_sku": "SKU",
      "createdby": "Created By",
      "createdon": "Created On",
      "createdonbehalfby": "Created By (Delegate)",
      "importsequencenumber": "Import Sequence Number",
      "modifiedby": "Modified By",
      "modifiedon": "Modified On",
      "modifiedonbehalfby": "Modified By (Delegate)",
      "overriddencreatedon": "Record Created On",
      "owningbusinessunit": "Owning Business Unit",
      "owningteam": "Owning Team",
      "owninguser": "Owning User",
      "statecode": "Status",
      "statuscode": "Status Reason",
      "timezoneruleversionnumber": "Time Zone Rule Version Number",
      "utcconversiontimezonecode": "UTC Conversion Time Zone Code",
      "versionnumber": "Version Number"
    },
    "PreferredName": "Pricing_proposals",
    "Type": "NativeCDSDataSourceInfo"
  },
  {
    "DisplayName": "Pricing_proposals (Views)",
    "Name": "_cr510_pricing_proposal_views",
    "RelatedEntityName": "Pricing_proposals",
    "TrimmedViewName": true,
    "Type": "ViewInfo",
    "ViewInfoNameMapping": {
      "211d70b0-b1a8-4af7-9eed-d1158e06df19": "Active Pricing_proposals",
      "475c422f-0a59-4bb4-a113-b3bac329755c": "Pricing_proposal Associated View",
      "9a3dc7f9-9a4b-40e5-a371-95ae76c8fe0a": "Pricing_proposal Advanced Find View",
      "d1f94f56-b145-4a35-b4b5-637313ccd351": "Pricing_proposal Lookup View",
      "e7889110-fb75-4824-bf29-d313734441b9": "Inactive Pricing_proposals"
    }
  },
  {
    "DisplayName": "Current_avg_sp_visible (Pricing_proposals)",
    "Name": "cr510_pricing_proposal_cr510_current_avg_sp_visible",
    "OptionSetInfoNameMapping": {
      "0": "N",
      "1": "Y"
    },
    "OptionSetIsBooleanValued": true,
    "OptionSetIsGlobal": false,
    "OptionSetReference": {
      "OptionSetReferenceItem0": {
        "OptionSetReferenceColumnName": "cr510_current_avg_sp_visible",
        "OptionSetReferenceEntityName": "Pricing_proposals"
      }
    },
    "OptionSetTypeKey": "BooleanType",
    "RelatedColumnInvariantName": "cr510_current_avg_sp_visible",
    "RelatedEntityName": "Pricing_proposals",
    "Type": "OptionSetInfo"
  },
  {
    "DisplayName": "Current_LNP_visible (Pricing_proposals)",
    "Name": "cr510_pricing_proposal_cr510_current_lnp_visible",
    "OptionSetInfoNameMapping": {
      "0": "N",
      "1": "Y"
    },
    "OptionSetIsBooleanValued": true,
    "OptionSetIsGlobal": false,
    "OptionSetReference": {
      "OptionSetReferenceItem0": {
        "OptionSetReferenceColumnName": "cr510_current_lnp_visible",
        "OptionSetReferenceEntityName": "Pricing_proposals"
      }
    },
    "OptionSetTypeKey": "BooleanType",
    "RelatedColumnInvariantName": "cr510_current_lnp_visible",
    "RelatedEntityName": "Pricing_proposals",
    "Type": "OptionSetInfo"
  },
  {
    "DisplayName": "Current_lvl_price_visible (Pricing_proposals)",
    "Name": "cr510_pricing_proposal_cr510_current_lvl_price_visible",
    "OptionSetInfoNameMapping": {
      "0": "N",
      "1": "Y"
    },
    "OptionSetIsBooleanValued": true,
    "OptionSetIsGlobal": false,
    "OptionSetReference": {
      "OptionSetReferenceItem0": {
        "OptionSetReferenceColumnName": "cr510_current_lvl_price_visible",
        "OptionSetReferenceEntityName": "Pricing_proposals"
      }
    },
    "OptionSetTypeKey": "BooleanType",
    "RelatedColumnInvariantName": "cr510_current_lvl_price_visible",
    "RelatedEntityName": "Pricing_proposals",
    "Type": "OptionSetInfo"
  },
  {
    "DisplayName": "Proposed_avg_sp_visible (Pricing_proposals)",
    "Name": "cr510_pricing_proposal_cr510_proposed_avg_sp_visible",
    "OptionSetInfoNameMapping": {
      "0": "N",
      "1": "Y"
    },
    "OptionSetIsBooleanValued": true,
    "OptionSetIsGlobal": false,
    "OptionSetReference": {
      "OptionSetReferenceItem0": {
        "OptionSetReferenceColumnName": "cr510_proposed_avg_sp_visible",
        "OptionSetReferenceEntityName": "Pricing_proposals"
      }
    },
    "OptionSetTypeKey": "BooleanType",
    "RelatedColumnInvariantName": "cr510_proposed_avg_sp_visible",
    "RelatedEntityName": "Pricing_proposals",
    "Type": "OptionSetInfo"
  },
  {
    "DisplayName": "Proposed_LNP_visible (Pricing_proposals)",
    "Name": "cr510_pricing_proposal_cr510_proposed_lnp_visible",
    "OptionSetInfoNameMapping": {
      "0": "N",
      "1": "Y"
    },
    "OptionSetIsBooleanValued": true,
    "OptionSetIsGlobal": false,
    "OptionSetReference": {
      "OptionSetReferenceItem0": {
        "OptionSetReferenceColumnName": "cr510_proposed_lnp_visible",
        "OptionSetReferenceEntityName": "Pricing_proposals"
      }
    },
    "OptionSetTypeKey": "BooleanType",
    "RelatedColumnInvariantName": "cr510_proposed_lnp_visible",
    "RelatedEntityName": "Pricing_proposals",
    "Type": "OptionSetInfo"
  },
  {
    "DisplayName": "Proposed_lvl_price_visible (Pricing_proposals)",
    "Name": "cr510_pricing_proposal_cr510_proposed_lvl_price_visible",
    "OptionSetInfoNameMapping": {
      "0": "N",
      "1": "Y"
    },
    "OptionSetIsBooleanValued": true,
    "OptionSetIsGlobal": false,
    "OptionSetReference": {
      "OptionSetReferenceItem0": {
        "OptionSetReferenceColumnName": "cr510_proposed_lvl_price_visible",
        "OptionSetReferenceEntityName": "Pricing_proposals"
      }
    },
    "OptionSetTypeKey": "BooleanType",
    "RelatedColumnInvariantName": "cr510_proposed_lvl_price_visible",
    "RelatedEntityName": "Pricing_proposals",
    "Type": "OptionSetInfo"
  },
  {
    "DisplayName": "Status (Pricing_proposals)",
    "Name": "cr510_pricing_proposal_statecode",
    "OptionSetInfoNameMapping": {
      "0": "Active",
      "1": "Inactive"
    },
    "OptionSetIsBooleanValued": false,
    "OptionSetIsGlobal": false,
    "OptionSetReference": {
      "OptionSetReferenceItem0": {
        "OptionSetReferenceColumnName": "statecode",
        "OptionSetReferenceEntityName": "Pricing_proposals"
      }
    },
    "OptionSetTypeKey": "StateType",
    "RelatedColumnInvariantName": "statecode",
    "RelatedEntityName": "Pricing_proposals",
    "Type": "OptionSetInfo"
  },
  {
    "DisplayName": "Status Reason (Pricing_proposals)",
    "Name": "cr510_pricing_proposal_statuscode",
    "OptionSetInfoNameMapping": {
      "1": "Active",
      "2": "Inactive"
    },
    "OptionSetIsBooleanValued": false,
    "OptionSetIsGlobal": false,
    "OptionSetReference": {
      "OptionSetReferenceItem0": {
        "OptionSetReferenceColumnName": "statuscode",
        "OptionSetReferenceEntityName": "Pricing_proposals"
      }
    },
    "OptionSetTypeKey": "StatusType",
    "RelatedColumnInvariantName": "statuscode",
    "RelatedEntityName": "Pricing_proposals",
    "Type": "OptionSetInfo"
  }
]