[
  {
    "CdsFCBContext": "{\"FileType\":true,\"ImageExternalStorage\":true}",
    "EntitySetName": "cr510_ref_price_types",
    "IsHidden": false,
    "IsSampleData": false,
    "IsWritable": true,
    "LogicalName": "cr510_ref_price_type",
    "MaxGetRowsCount": 500,
    "Name": "REF_PRICE_TYPES",
    "NativeCDSDataSourceInfoNameMapping": {
      "_ownerid_value": "Owner",
      "cr510_country": "COUNTRY",
      "cr510_price_type": "PRICE_TYPE",
      "cr510_ref_price_type_AsyncOperations": "System Jobs",
      "cr510_ref_price_type_BulkDeleteFailures": "Bulk Delete Failures",
      "cr510_ref_price_type_MailboxTrackingFolders": "Mailbox Auto Tracking Folders",
      "cr510_ref_price_type_PrincipalObjectAttributeAccesses": "Field Sharing",
      "cr510_ref_price_type_ProcessSession": "Process Sessions",
      "cr510_ref_price_type_SyncErrors": "Sync Errors",
      "cr510_ref_price_typeid": "REF_PRICE_TYPE",
      "cr510_sequence": "SEQUENCE",
      "createdby": "Created By",
      "createdon": "Created On",
      "createdonbehalfby": "Created By (Delegate)",
      "importsequencenumber": "Import Sequence Number",
      "modifiedby": "Modified By",
      "modifiedon": "Modified On",
      "modifiedonbehalfby": "Modified By (Delegate)",
      "overriddencreatedon": "Record Created On",
      "owningbusinessunit": "Owning Business Unit",
      "owningteam": "Owning Team",
      "owninguser": "Owning User",
      "statecode": "Status",
      "statuscode": "Status Reason",
      "timezoneruleversionnumber": "Time Zone Rule Version Number",
      "utcconversiontimezonecode": "UTC Conversion Time Zone Code",
      "versionnumber": "Version Number"
    },
    "PreferredName": "REF_PRICE_TYPES",
    "Type": "NativeCDSDataSourceInfo"
  },
  {
    "DisplayName": "REF_PRICE_TYPES (Views)",
    "Name": "_cr510_ref_price_type_views",
    "RelatedEntityName": "REF_PRICE_TYPES",
    "TrimmedViewName": true,
    "Type": "ViewInfo",
    "ViewInfoNameMapping": {
      "3a85103f-f11c-486e-bf2b-bb7a2063c8e1": "REF_PRICE_TYPE Advanced Find View",
      "8f887dda-0d26-47d0-8712-9502703bd21d": "Active REF_PRICE_TYPES",
      "949cb99b-1a1e-4175-a24e-bc3b88ad0f39": "REF_PRICE_TYPE Associated View",
      "dd5e4c16-3dab-4d91-8905-68bf0f8b5d2d": "REF_PRICE_TYPE Lookup View",
      "e4d44c4b-16d8-4a98-a25f-17774ba393df": "Inactive REF_PRICE_TYPES"
    }
  },
  {
    "DisplayName": "Status (REF_PRICE_TYPES)",
    "Name": "cr510_ref_price_type_statecode",
    "OptionSetInfoNameMapping": {
      "0": "Active",
      "1": "Inactive"
    },
    "OptionSetIsBooleanValued": false,
    "OptionSetIsGlobal": false,
    "OptionSetReference": {
      "OptionSetReferenceItem0": {
        "OptionSetReferenceColumnName": "statecode",
        "OptionSetReferenceEntityName": "REF_PRICE_TYPES"
      }
    },
    "OptionSetTypeKey": "StateType",
    "RelatedColumnInvariantName": "statecode",
    "RelatedEntityName": "REF_PRICE_TYPES",
    "Type": "OptionSetInfo"
  },
  {
    "DisplayName": "Status Reason (REF_PRICE_TYPES)",
    "Name": "cr510_ref_price_type_statuscode",
    "OptionSetInfoNameMapping": {
      "1": "Active",
      "2": "Inactive"
    },
    "OptionSetIsBooleanValued": false,
    "OptionSetIsGlobal": false,
    "OptionSetReference": {
      "OptionSetReferenceItem0": {
        "OptionSetReferenceColumnName": "statuscode",
        "OptionSetReferenceEntityName": "REF_PRICE_TYPES"
      }
    },
    "OptionSetTypeKey": "StatusType",
    "RelatedColumnInvariantName": "statuscode",
    "RelatedEntityName": "REF_PRICE_TYPES",
    "Type": "OptionSetInfo"
  }
]