[
  {
    "CdsFCBContext": "{\"FileType\":true,\"ImageExternalStorage\":true}",
    "EntitySetName": "cr510_request_trackers",
    "IsHidden": false,
    "IsSampleData": false,
    "IsWritable": true,
    "LogicalName": "cr510_request_tracker",
    "MaxGetRowsCount": 500,
    "Name": "REQUEST_TRACKER",
    "NativeCDSDataSourceInfoNameMapping": {
      "_ownerid_value": "Owner",
      "cr510_approval_level": "APPROVAL_LEVEL",
      "cr510_approval_status": "APPROVAL_STATUS",
      "cr510_comment_additional_information": "COMMENT_ADDITIONAL_INFORMATION",
      "cr510_comment_approval": "COMMENT_APPROVAL",
      "cr510_comment_financial": "COMMENT_FINANCIAL",
      "cr510_comment_pricing_background": "COMMENT_PRICING_BACKGROUND",
      "cr510_comment_pricing_proposal": "COMMENT_PRICING_PROPOSAL",
      "cr510_comment_risk_and_opportunities": "COMMENT_RISK_AND_OPPORTUNITIES",
      "cr510_comments_background": "COMMENTS_BACKGROUND",
      "cr510_modified_on": "MODIFIED_ON",
      "cr510_pe_request_id": "PE_REQUEST_ID",
      "cr510_record_id": "RECORD_ID",
      "cr510_request_tracker_AsyncOperations": "System Jobs",
      "cr510_request_tracker_BulkDeleteFailures": "Bulk Delete Failures",
      "cr510_request_tracker_MailboxTrackingFolders": "Mailbox Auto Tracking Folders",
      "cr510_request_tracker_PrincipalObjectAttributeAccesses": "Field Sharing",
      "cr510_request_tracker_ProcessSession": "Process Sessions",
      "cr510_request_tracker_SyncErrors": "Sync Errors",
      "cr510_request_trackerid": "REQUEST_TRACKER",
      "cr510_user_role": "USER_ROLE",
      "createdby": "Created By",
      "createdon": "Created On",
      "createdonbehalfby": "Created By (Delegate)",
      "importsequencenumber": "Import Sequence Number",
      "modifiedby": "Modified By",
      "modifiedon": "Modified On",
      "modifiedonbehalfby": "Modified By (Delegate)",
      "overriddencreatedon": "Record Created On",
      "owningbusinessunit": "Owning Business Unit",
      "owningteam": "Owning Team",
      "owninguser": "Owning User",
      "statecode": "Status",
      "statuscode": "Status Reason",
      "timezoneruleversionnumber": "Time Zone Rule Version Number",
      "utcconversiontimezonecode": "UTC Conversion Time Zone Code",
      "versionnumber": "Version Number"
    },
    "PreferredName": "REQUEST_TRACKER",
    "Type": "NativeCDSDataSourceInfo"
  },
  {
    "DisplayName": "REQUEST_TRACKER (Views)",
    "Name": "_cr510_request_tracker_views",
    "RelatedEntityName": "REQUEST_TRACKER",
    "TrimmedViewName": true,
    "Type": "ViewInfo",
    "ViewInfoNameMapping": {
      "0e224f16-660a-4e96-9ba1-af5584708d81": "Active REQUEST_TRACKER",
      "277d76a7-04ce-441f-a546-0dc6d9af2fd2": "REQUEST_TRACKER Associated View",
      "3fc5c6ef-6509-4c93-b671-7bec05f7bfe2": "REQUEST_TRACKER Lookup View",
      "4b9dda08-b15c-417e-8780-5cd7c46de66d": "Inactive REQUEST_TRACKER",
      "e7af4489-686d-4919-a770-6b2bdd4b73b7": "REQUEST_TRACKER Advanced Find View"
    }
  },
  {
    "DisplayName": "Status (REQUEST_TRACKER)",
    "Name": "cr510_request_tracker_statecode",
    "OptionSetInfoNameMapping": {
      "0": "Active",
      "1": "Inactive"
    },
    "OptionSetIsBooleanValued": false,
    "OptionSetIsGlobal": false,
    "OptionSetReference": {
      "OptionSetReferenceItem0": {
        "OptionSetReferenceColumnName": "statecode",
        "OptionSetReferenceEntityName": "REQUEST_TRACKER"
      }
    },
    "OptionSetTypeKey": "StateType",
    "RelatedColumnInvariantName": "statecode",
    "RelatedEntityName": "REQUEST_TRACKER",
    "Type": "OptionSetInfo"
  },
  {
    "DisplayName": "Status Reason (REQUEST_TRACKER)",
    "Name": "cr510_request_tracker_statuscode",
    "OptionSetInfoNameMapping": {
      "1": "Active",
      "2": "Inactive"
    },
    "OptionSetIsBooleanValued": false,
    "OptionSetIsGlobal": false,
    "OptionSetReference": {
      "OptionSetReferenceItem0": {
        "OptionSetReferenceColumnName": "statuscode",
        "OptionSetReferenceEntityName": "REQUEST_TRACKER"
      }
    },
    "OptionSetTypeKey": "StatusType",
    "RelatedColumnInvariantName": "statuscode",
    "RelatedEntityName": "REQUEST_TRACKER",
    "Type": "OptionSetInfo"
  }
]