[
  {
    "CdsFCBContext": "{\"FileType\":true,\"ImageExternalStorage\":true}",
    "EntitySetName": "cr510_type_of_requests",
    "IsHidden": false,
    "IsSampleData": false,
    "IsWritable": true,
    "LogicalName": "cr510_type_of_request",
    "MaxGetRowsCount": 500,
    "Name": "TYPE_OF_REQUESTS",
    "NativeCDSDataSourceInfoNameMapping": {
      "_ownerid_value": "Owner",
      "cr510_request_id": "REQUEST_ID",
      "cr510_type_of_request_AsyncOperations": "System Jobs",
      "cr510_type_of_request_BulkDeleteFailures": "Bulk Delete Failures",
      "cr510_type_of_request_MailboxTrackingFolders": "Mailbox Auto Tracking Folders",
      "cr510_type_of_request_PrincipalObjectAttributeAccesses": "Field Sharing",
      "cr510_type_of_request_ProcessSession": "Process Sessions",
      "cr510_type_of_request_SyncErrors": "Sync Errors",
      "cr510_type_of_requestid": "TYPE_OF_REQUEST",
      "cr510_type_request": "Type_Request",
      "createdby": "Created By",
      "createdon": "Created On",
      "createdonbehalfby": "Created By (Delegate)",
      "importsequencenumber": "Import Sequence Number",
      "modifiedby": "Modified By",
      "modifiedon": "Modified On",
      "modifiedonbehalfby": "Modified By (Delegate)",
      "overriddencreatedon": "Record Created On",
      "owningbusinessunit": "Owning Business Unit",
      "owningteam": "Owning Team",
      "owninguser": "Owning User",
      "statecode": "Status",
      "statuscode": "Status Reason",
      "timezoneruleversionnumber": "Time Zone Rule Version Number",
      "utcconversiontimezonecode": "UTC Conversion Time Zone Code",
      "versionnumber": "Version Number"
    },
    "PreferredName": "TYPE_OF_REQUESTS",
    "Type": "NativeCDSDataSourceInfo"
  },
  {
    "DisplayName": "TYPE_OF_REQUESTS (Views)",
    "Name": "_cr510_type_of_request_views",
    "RelatedEntityName": "TYPE_OF_REQUESTS",
    "TrimmedViewName": true,
    "Type": "ViewInfo",
    "ViewInfoNameMapping": {
      "3de045dd-21d5-4c78-a0a6-d071c3735d61": "TYPE_OF_REQUEST Lookup View",
      "7a2c1463-25a2-4319-ada5-5579c7dd1981": "Inactive TYPE_OF_REQUESTS",
      "cb4898e1-56b0-4c13-9b12-32a3495373df": "TYPE_OF_REQUEST Advanced Find View",
      "d05e230e-6f5c-4568-bc4f-3ae5aac2937d": "Active TYPE_OF_REQUESTS",
      "ed01068d-de90-431b-b679-5a79673c462f": "TYPE_OF_REQUEST Associated View"
    }
  },
  {
    "DisplayName": "Status (TYPE_OF_REQUESTS)",
    "Name": "cr510_type_of_request_statecode",
    "OptionSetInfoNameMapping": {
      "0": "Active",
      "1": "Inactive"
    },
    "OptionSetIsBooleanValued": false,
    "OptionSetIsGlobal": false,
    "OptionSetReference": {
      "OptionSetReferenceItem0": {
        "OptionSetReferenceColumnName": "statecode",
        "OptionSetReferenceEntityName": "TYPE_OF_REQUESTS"
      }
    },
    "OptionSetTypeKey": "StateType",
    "RelatedColumnInvariantName": "statecode",
    "RelatedEntityName": "TYPE_OF_REQUESTS",
    "Type": "OptionSetInfo"
  },
  {
    "DisplayName": "Status Reason (TYPE_OF_REQUESTS)",
    "Name": "cr510_type_of_request_statuscode",
    "OptionSetInfoNameMapping": {
      "1": "Active",
      "2": "Inactive"
    },
    "OptionSetIsBooleanValued": false,
    "OptionSetIsGlobal": false,
    "OptionSetReference": {
      "OptionSetReferenceItem0": {
        "OptionSetReferenceColumnName": "statuscode",
        "OptionSetReferenceEntityName": "TYPE_OF_REQUESTS"
      }
    },
    "OptionSetTypeKey": "StatusType",
    "RelatedColumnInvariantName": "statuscode",
    "RelatedEntityName": "TYPE_OF_REQUESTS",
    "Type": "OptionSetInfo"
  }
]