[
  {
    "CdsFCBContext": "{\"FileType\":true,\"ImageExternalStorage\":true}",
    "EntitySetName": "cr510_user_roles",
    "IsHidden": false,
    "IsSampleData": false,
    "IsWritable": true,
    "LogicalName": "cr510_user_role",
    "MaxGetRowsCount": 500,
    "Name": "User_Roles",
    "NativeCDSDataSourceInfoNameMapping": {
      "_ownerid_value": "Owner",
      "cr510_email": "Email",
      "cr510_role": "Role",
      "cr510_user_role_AsyncOperations": "System Jobs",
      "cr510_user_role_BulkDeleteFailures": "Bulk Delete Failures",
      "cr510_user_role_MailboxTrackingFolders": "Mailbox Auto Tracking Folders",
      "cr510_user_role_PrincipalObjectAttributeAccesses": "Field Sharing",
      "cr510_user_role_ProcessSession": "Process Sessions",
      "cr510_user_role_SyncErrors": "Sync Errors",
      "cr510_user_roleid": "User_Role",
      "cr510_username": "User Name",
      "createdby": "Created By",
      "createdon": "Created On",
      "createdonbehalfby": "Created By (Delegate)",
      "importsequencenumber": "Import Sequence Number",
      "modifiedby": "Modified By",
      "modifiedon": "Modified On",
      "modifiedonbehalfby": "Modified By (Delegate)",
      "overriddencreatedon": "Record Created On",
      "owningbusinessunit": "Owning Business Unit",
      "owningteam": "Owning Team",
      "owninguser": "Owning User",
      "statecode": "Status",
      "statuscode": "Status Reason",
      "timezoneruleversionnumber": "Time Zone Rule Version Number",
      "utcconversiontimezonecode": "UTC Conversion Time Zone Code",
      "versionnumber": "Version Number"
    },
    "PreferredName": "User_Roles",
    "Type": "NativeCDSDataSourceInfo"
  },
  {
    "DisplayName": "User_Roles (Views)",
    "Name": "_cr510_user_role_views",
    "RelatedEntityName": "User_Roles",
    "TrimmedViewName": true,
    "Type": "ViewInfo",
    "ViewInfoNameMapping": {
      "058d61ed-feb3-4f42-a0a8-f4f3a60fa050": "User_Role Associated View",
      "b65c911c-52e1-4367-85b9-e98028c2aa8f": "Active User_Roles",
      "d5e2d558-976c-47eb-8462-383554cf3e42": "Inactive User_Roles",
      "ebb1e12d-15b2-4cf8-a214-4dc7513e9d20": "User_Role Advanced Find View",
      "f2653782-7434-4632-97d0-ba327cd57755": "User_Role Lookup View"
    }
  },
  {
    "DisplayName": "Status (User_Roles)",
    "Name": "cr510_user_role_statecode",
    "OptionSetInfoNameMapping": {
      "0": "Active",
      "1": "Inactive"
    },
    "OptionSetIsBooleanValued": false,
    "OptionSetIsGlobal": false,
    "OptionSetReference": {
      "OptionSetReferenceItem0": {
        "OptionSetReferenceColumnName": "statecode",
        "OptionSetReferenceEntityName": "User_Roles"
      }
    },
    "OptionSetTypeKey": "StateType",
    "RelatedColumnInvariantName": "statecode",
    "RelatedEntityName": "User_Roles",
    "Type": "OptionSetInfo"
  },
  {
    "DisplayName": "Status Reason (User_Roles)",
    "Name": "cr510_user_role_statuscode",
    "OptionSetInfoNameMapping": {
      "1": "Active",
      "2": "Inactive"
    },
    "OptionSetIsBooleanValued": false,
    "OptionSetIsGlobal": false,
    "OptionSetReference": {
      "OptionSetReferenceItem0": {
        "OptionSetReferenceColumnName": "statuscode",
        "OptionSetReferenceEntityName": "User_Roles"
      }
    },
    "OptionSetTypeKey": "StatusType",
    "RelatedColumnInvariantName": "statuscode",
    "RelatedEntityName": "User_Roles",
    "Type": "OptionSetInfo"
  }
]