{
  "1035144b-7c09-403e-bcdc-8508e41e7c1a": {
    "connectionRef": {
      "displayName": "Microsoft Dataverse",
      "iconUri": "https://connectoricons-prod.azureedge.net/releases/v1.0.1713/1.0.1713.3888/commondataserviceforapps/icon.png",
      "id": "/providers/microsoft.powerapps/apis/shared_commondataserviceforapps"
    },
    "datasets": {},
    "dataSources": [],
    "dependencies": {},
    "dependents": [
      "af24e5d9-c997-4c47-933f-209322271fc1"
    ],
    "id": "1035144b-7c09-403e-bcdc-8508e41e7c1a"
  },
  "384f54d9-bf30-4d18-9d4c-688901737407": {
    "connectionRef": {
      "displayName": "Office 365 Outlook",
      "iconUri": "https://connectoricons-prod.azureedge.net/releases/v1.0.1706/1.0.1706.3851/office365/icon.png",
      "id": "/providers/microsoft.powerapps/apis/shared_office365"
    },
    "datasets": {},
    "dataSources": [],
    "dependencies": {},
    "dependents": [
      "af24e5d9-c997-4c47-933f-209322271fc1"
    ],
    "id": "384f54d9-bf30-4d18-9d4c-688901737407"
  },
  "5ed41007-67a3-40c2-9b4b-e6b57bdcfc49": {
    "appActions": [
      "providers/PowerPlatform.Governance/Operations/Read",
      "providers/PowerPlatform.Governance/Operations/Write"
    ],
    "connectionRef": {
      "apiTier": "Standard",
      "displayName": "SharePoint",
      "iconUri": "https://connectoricons-prod.azureedge.net/u/jayawan/releases/v1.0.1697/1.0.1697.3786/sharepointonline/icon.png",
      "id": "/providers/microsoft.powerapps/apis/shared_sharepointonline",
      "parameterHints": {},
      "parameterHintsV2": {}
    },
    "datasets": {
      "https://mytakeda.sharepoint.com/teams/OBUTEDAnalytics_new_Sharepoint_Site": {
        "datasetOverride": {
          "environmentVariableName": "new_Sharepoint_Site",
          "name": "https://mytakeda.sharepoint.com/teams/OBUTEDAnalytics"
        },
        "dataSources": {
          "Sharepoint_List": {
            "tableName": "c5b2aa58-b04d-44d8-ba81-e0dfc0fdc2c4",
            "tableNameOverride": {
              "environmentVariableName": "new_Sharepoint_List",
              "name": "c5b2aa58-b04d-44d8-ba81-e0dfc0fdc2c4"
            }
          }
        }
      }
    },
    "dataSources": [
      "Sharepoint_List"
    ],
    "dependencies": {},
    "dependents": [],
    "id": "5ed41007-67a3-40c2-9b4b-e6b57bdcfc49"
  },
  "af24e5d9-c997-4c47-933f-209322271fc1": {
    "connectionRef": {
      "displayName": "Logic flows",
      "iconUri": "https://connectoricons-prod.azureedge.net/releases/v1.0.1697/1.0.1697.3784/logicflows/icon.png",
      "id": "/providers/microsoft.powerapps/apis/shared_logicflows",
      "parameterHints": {
        "1035144b-7c09-403e-bcdc-8508e41e7c1a": {
          "value": "shared_commondataserviceforapps_1"
        },
        "384f54d9-bf30-4d18-9d4c-688901737407": {
          "value": "shared_office365"
        },
        "workflowDisplayName": {
          "value": "Send_mail_submit"
        },
        "workflowEntityId": {
          "value": "97920b97-fd4f-ef11-a317-6045bdd50fc7"
        },
        "workflowName": {
          "value": "1989f5dd-ab35-de3f-eeca-9ec817d535db"
        }
      },
      "parameterHintsV2": {
        "shared_commondataserviceforapps_1": {
          "value": "1035144b-7c09-403e-bcdc-8508e41e7c1a"
        },
        "shared_office365": {
          "value": "384f54d9-bf30-4d18-9d4c-688901737407"
        },
        "workflowDisplayName": {
          "value": "Send_mail_submit"
        },
        "workflowEntityId": {
          "value": "97920b97-fd4f-ef11-a317-6045bdd50fc7"
        },
        "workflowName": {
          "value": "1989f5dd-ab35-de3f-eeca-9ec817d535db"
        }
      }
    },
    "datasets": {},
    "dataSources": [
      "Send_mail_submit"
    ],
    "dependencies": {
      "shared_commondataserviceforapps_1": "1035144b-7c09-403e-bcdc-8508e41e7c1a",
      "shared_office365": "384f54d9-bf30-4d18-9d4c-688901737407"
    },
    "dependents": [],
    "id": "af24e5d9-c997-4c47-933f-209322271fc1"
  },
  "fa3f15b0-3882-4071-9b75-5e1858b8d9fb": {
    "appActions": [
      "Run"
    ],
    "connectionRef": {
      "apiTier": "Standard",
      "displayName": "Logic flows",
      "iconUri": "https://connectoricons-prod.azureedge.net/releases/v1.0.1697/1.0.1697.3784/logicflows/icon.png",
      "id": "/providers/microsoft.powerapps/apis/shared_logicflows",
      "parameterHints": {
        "workflowDisplayName": {
          "value": "CSv_Data_2"
        },
        "workflowEntityId": {
          "value": "542c2309-e42e-ef11-8e4f-002248132803"
        },
        "workflowName": {
          "value": "aad92e16-ecef-4826-93de-79371db4a4ce"
        }
      },
      "parameterHintsV2": {
        "workflowDisplayName": {
          "value": "CSv_Data_2"
        },
        "workflowEntityId": {
          "value": "542c2309-e42e-ef11-8e4f-002248132803"
        },
        "workflowName": {
          "value": "aad92e16-ecef-4826-93de-79371db4a4ce"
        }
      }
    },
    "datasets": {},
    "dataSources": [
      "CSv_Data_2"
    ],
    "dependencies": {},
    "dependents": [],
    "id": "fa3f15b0-3882-4071-9b75-5e1858b8d9fb"
  }
}