{
  "FormatVersion": "0.24",
  "Header": {
    "AnalysisOptions": {
      "DataflowAnalysisEnabled": false,
      "DataflowAnalysisFlagStateToggledByUser": false
    },
    "DocVersion": "1.343",
    "MinVersionToLoad": "1.331",
    "MSAppStructureVersion": "2.0"
  },
  "Properties": {
    "AppCreationSource": "AppFromScratch",
    "AppDescription": "Streamline your pricing exception management with the Pricing Exception App-Dev_v1. This app facilitates the efficient handling of pricing proposals, risk assessments, and opportunities, ensuring accurate and timely updates for business needs.",
    "AppPreviewFlagsMap": {
      "aibuilderserviceenrollment": false,
      "allowmultiplescreensincanvaspages": false,
      "appinsightserrortracing": false,
      "appinstrumentationcorrelationtracing": false,
      "autocreateenvironmentvariables": false,
      "behaviorpropertyui": false,
      "blockmovingcontrol": true,
      "cdsdataformatting": false,
      "classiccontrols": false,
      "commentgeneratedformulasv2": false,
      "consistentreturnschemafortabularfunctions": true,
      "copyandmerge": true,
      "dataflowanalysisenabled": false,
      "datatablev2control": true,
      "dataverseactionsenabled": true,
      "delaycontrolrendering": true,
      "delayloadscreens": true,
      "disablebehaviorreturntypecheck": false,
      "disablecdsfileandlargeimage": false,
      "disableruntimepolicies": false,
      "dynamicschema": false,
      "enableappembeddingux": false,
      "enablecanvasappruntimecopilot": false,
      "enablecomponentnamemaps": false,
      "enablecomponentscopeoldbehavior": false,
      "enablecopilotanswercontrol": true,
      "enablecopilotcontrol": true,
      "enabledataverseoffline": false,
      "enableeditcacherefreshfrequency": false,
      "enableeditinmcs": true,
      "enableexcelonlinebusinessv2connector": true,
      "enableideaspanel": true,
      "enablelegacybarcodescanner": false,
      "enableonstart": true,
      "enableonstartnavigate": false,
      "enablepcfmoderndatasets": true,
      "enablerowscopeonetonexpand": false,
      "enablerpawarecomponentdependency": true,
      "enablesaveloadcleardataonweb": true,
      "enableupdateifdelegation": true,
      "errorhandling": true,
      "expandedsavedatasupport": true,
      "exportimportcomponents2": true,
      "externalmessage": false,
      "fluentv9controls": false,
      "fluentv9controlspreview": false,
      "formuladataprefetch": true,
      "formularepair": false,
      "generatedebugpublishedapp": false,
      "herocontrols": false,
      "improvedtabstopbehavior": false,
      "isemptyrequirestableargument": true,
      "keeprecentscreensloaded": false,
      "legacyformulabar": false,
      "longlivingcache": false,
      "mobilenativerendering": false,
      "nativecdsexperimental": true,
      "offlineprofilegenerationemitscolumns": false,
      "onegrid": false,
      "optimizedforteamsmeeting": false,
      "packagemodernruntime": false,
      "parallelcodegen": false,
      "pdffunction": true,
      "powerfxdecimal": false,
      "powerfxv1": false,
      "primaryoutputpropertycoerciondeprecated": true,
      "proactivecontrolrename": false,
      "projectionmapping": true,
      "reliableconcurrent": true,
      "reservedkeywords": false,
      "rtlinstudiopreview": false,
      "rtlsupport": false,
      "showclassicthemes": false,
      "smartemaildatacard": true,
      "supportcolumnnamesasidentifiers": true,
      "tabledoesntwraprecords": true,
      "usedisplaynamemetadata": true,
      "useenforcesavedatalimits": true,
      "useexperimentalcdsconnector": true,
      "useexperimentalsqlconnector": true,
      "useguiddatatypes": true,
      "usenonblockingonstartrule": true,
      "userdefinedfunctions": false,
      "webbarcodescanner": false,
      "zeroalltabindexes": true
    },
    "Author": "",
    "BindingErrorCount": 0,
    "ContainsThirdPartyPcfControls": false,
    "DefaultConnectedDataSourceMaxGetRowsCount": 500,
    "DocumentAppType": "DesktopOrTablet",
    "DocumentLayoutHeight": 768,
    "DocumentLayoutLockOrientation": false,
    "DocumentLayoutMaintainAspectRatio": true,
    "DocumentLayoutOrientation": "landscape",
    "DocumentLayoutScaleToFit": true,
    "DocumentLayoutWidth": 1366,
    "DocumentType": "App",
    "EnableInstrumentation": false,
    "FileID": "c817366d-3c17-4d42-a4f1-060420a703e5",
    "Id": "112dd341-2f61-455d-a102-c9b6f57528d3",
    "InstrumentationKey": "",
    "ManualOfflineProfileId": "",
    "Name": "OBU Price Exception System-Dev",
    "OriginatingVersion": "1.342",
    "ParserErrorCount": 0,
    "ShowStatusBar": false
  },
  "PublishInfo": {
    "AppName": "OBU Price Exception System-Dev",
    "BackgroundColor": "RGBA(0,176,240,1)",
    "IconColor": "RGBA(255,255,255,1)",
    "IconName": "Edit",
    "LogoFileName": "",
    "PublishDataLocally": false,
    "PublishResourcesLocally": false,
    "PublishTarget": "player",
    "UserLocale": "en-US"
  },
  "ScreenOrder": [
    "Tiles view_3",
    "Home Screen",
    "Input Pricing Background",
    "Input Pricing Background_update",
    "Input Pricing Background_view",
    "Input Background",
    "Input Background_update",
    "Input Background_view",
    "Input Pricing Proposal",
    "Input Pricing Proposal_update",
    "Input Pricing Proposal_view",
    "Input Risk & Opportunities",
    "Input Risk & Opportunities_update",
    "Input Risk & Opportunities_view",
    "Input Financials",
    "Input Financials_update",
    "Input Financials_view",
    "Input Additional",
    "Input Additional_update",
    "Input Additional_view",
    "Input Approval"
  ]
}